org_name,org_code,division,district,upazila,agency,org_type,org_func,org_lvl,lat,lon
Agailjhara Upazila Health Complex,10001948,Barishal,Barishal,Agailjhara,DGHS,Upazila Health Complex,Hospital/Clinic,Upazila,22.9634888,90.1831576
Amtali Upazila Health Complex,10001933,Barishal,Barguna,Amtali,DGHS,Upazila Health Complex,Hospital/Clinic,Upazila,22.1303784,90.2301825
Babuganj Upazila Health Complex,10001955,Barishal,Barishal,Babuganj,DGHS,Upazila Health Complex,Hospital/Clinic,Upazila,22.8264539,90.3082433
Bakerganj Upazila Health Complex,10001963,Barishal,Barishal,Bakerganj,DGHS,Upazila Health Complex,Hospital/Clinic,Upazila,22.5388143,90.34633219999999
Bamna Upazila Health Complex,10001937,Barishal,Barguna,Bamna,DGHS,Upazila Health Complex,Hospital/Clinic,Upazila,22.3097209,90.0929304
Banaripara Upazila Health Complex,10001966,Barishal,Barishal,Banaripara,DGHS,Upazila Health Complex,Hospital/Clinic,Upazila,22.7795615,90.160325
Barguna District Hospital,10001943,Barishal,Barguna,Barguna Sadar,DGHS,District Hospital,Hospital/Clinic,District,22.156242,90.12789
Barisal General Hospital,10001972,Barishal,Barishal,Barishal Sadar,DGHS,General Hospital (not district hospital),Hospital/Clinic,District,22.7086412,90.37027479999999
Bauphal Upazila Health Complex,10002033,Barishal,Patuakhali,Bauphal,DGHS,Upazila Health Complex,Hospital/Clinic,Upazila,22.4145776,90.56198289999999
Betagi Upazila Health Complex,10001945,Barishal,Barguna,Betagi,DGHS,Upazila Health Complex,Hospital/Clinic,Upazila,22.4136076,90.1601787
Bhandaria Upazila Health Complex,10002055,Barishal,Pirojpur,Bhandaria,DGHS,Upazila Health Complex,Hospital/Clinic,Upazila,22.4897195,90.0589013
Bhola District Hospital,10002002,Barishal,Bhola,Bhola Sadar,DGHS,District Hospital,Hospital/Clinic,District,22.6757402,90.6557361
Borhanuddin Upazila Health Complex,10002004,Barishal,Bhola,Burhanuddin,DGHS,Upazila Health Complex,Hospital/Clinic,Upazila,22.4963235,90.718772
Charfession Upazila Health Complex,10002006,Barishal,Bhola,Charfession,DGHS,Upazila Health Complex,Hospital/Clinic,Upazila,22.1840322,90.7630241
Dashmina Upazila Health Complex,10002034,Barishal,Patuakhali,Dashmina,DGHS,Upazila Health Complex,Hospital/Clinic,Upazila,22.2825494,90.5645059
Daulatkhan Upazila Health Complex,10002008,Barishal,Bhola,Daulatkhan,DGHS,Upazila Health Complex,Hospital/Clinic,Upazila,22.6051058,90.7458551
Dumki Upazila Health Complex,10002035,Barishal,Patuakhali,Dumki,DGHS,Upazila Health Complex,Hospital/Clinic,Upazila,22.4706533,90.3836524
Galachipa Upazila Health Complex,10002039,Barishal,Patuakhali,Galachipa,DGHS,Upazila Health Complex,Hospital/Clinic,Upazila,22.1659553,90.4204714
Gournadi Upazila Health Complex,10001982,Barishal,Barishal,Gaurnadi,DGHS,Upazila Health Complex,Hospital/Clinic,Upazila,22.9619447,90.2259318
Hijla Upazila Health Complex,10001984,Barishal,Barishal,Hizla,DGHS,Upazila Health Complex,Hospital/Clinic,Upazila,22.928412,90.44125489999999
Indurkani Upazila Health Complex,10002069,Barishal,Pirojpur,Indurkani,DGHS,Upazila Health Complex,Hospital/Clinic,Upazila,22.4802276,89.96140369999999
Jhalokathi District Hospital,10002025,Barishal,Jhalokathi,Jhalokathi Sadar,DGHS,District Hospital,Hospital/Clinic,District,22.6863517,90.3614666
Kalapara Upazila Health Complex,10002042,Barishal,Patuakhali,Kalapara,DGHS,Upazila Health Complex,Hospital/Clinic,Upazila,21.9874973,90.2183345
Kathalia Upazila Health Complex,10002027,Barishal,Jhalokathi,Kanthalia,DGHS,Upazila Health Complex,Hospital/Clinic,Upazila,22.3520173,90.0802212
Kawkhali Upazila Health Complex,10002056,Barishal,Pirojpur,Kawkhali,DGHS,Upazila Health Complex,Hospital/Clinic,Upazila,22.6203254,90.0624261
Lalmohan Upazila Health Complex,10002015,Barishal,Bhola,Lalmohan,DGHS,Upazila Health Complex,Hospital/Clinic,Upazila,22.346653,90.7339765
Manpura Upazila Health Complex,10002017,Barishal,Bhola,Manpura,DGHS,Upazila Health Complex,Hospital/Clinic,Upazila,22.258083,90.96668489999999
Mathbaria Upazila Health Complex,10002058,Barishal,Pirojpur,Mathbaria,DGHS,Upazila Health Complex,Hospital/Clinic,Upazila,22.2857109,89.9536359
Mehendiganj Upazila Health Complex,10001988,Barishal,Barishal,Mehendiganj,DGHS,Upazila Health Complex,Hospital/Clinic,Upazila,22.8271862,90.52725919999999
Mirzaganj Upazila Health Complex,10002048,Barishal,Patuakhali,Mirzaganj,DGHS,Upazila Health Complex,Hospital/Clinic,Upazila,22.3598968,90.21699219999999
Muladi Upazila Health Complex,10001991,Barishal,Barishal,Muladi,DGHS,Upazila Health Complex,Hospital/Clinic,Upazila,22.9122405,90.4081885
Nalchiti  Upazila Health Complex,10002028,Barishal,Jhalokathi,Nalchity,DGHS,Upazila Health Complex,Hospital/Clinic,Upazila,22.6343517,90.2697803
Nazirpur Upazila Health Complex,10002061,Barishal,Pirojpur,Nazirpur,DGHS,Upazila Health Complex,Hospital/Clinic,Upazila,22.7086728,89.96810789999999
Patharghata Upazila Health Complex,10001947,Barishal,Barguna,Patharghata,DGHS,Upazila Health Complex,Hospital/Clinic,Upazila,22.0328467,89.96656589999999
Patuakhali 250 bed Sadar Hospital,10002051,Barishal,Patuakhali,Patuakhali Sadar,DGHS,200-250 bed Hospital (district hospital),Hospital/Clinic,District,22.3622664,90.3269921
Pirojpur District Hospital,10002067,Barishal,Pirojpur,Pirojpur Sadar,DGHS,District Hospital,Hospital/Clinic,District,22.5789637,89.97664499999999
Rajapur Upazila Health Complex,10002029,Barishal,Jhalokathi,Rajapur,DGHS,Upazila Health Complex,Hospital/Clinic,Upazila,22.5695257,90.1334115
Rangabali Upazila Health Complex,10013107,Barishal,Patuakhali,Rangabali,DGHS,Upazila Health Complex,Hospital/Clinic,Upazila,21.9040401,90.4125181
Sher-e-bangla Medical College Hospital,10001978,Barishal,Barishal,Barishal Sadar,DGHS,Medical College Hospital,Hospital/Clinic,Regional,22.6863517,90.3614666
Tajumuddin Upazila Health Complex,10002018,Barishal,Bhola,Tazumuddin,DGHS,Upazila Health Complex,Hospital/Clinic,Upazila,22.4101607,90.84994119999999
Wazirpur Upazila Health Complex,10001997,Barishal,Barishal,Wazirpur,DGHS,Upazila Health Complex,Hospital/Clinic,Upazila,22.8273908,90.25151629999999
Akhaura Upazila Health Complex,10000663,Chattogram,Brahmanbaria,Akhaura,DGHS,Upazila Health Complex,Hospital/Clinic,Upazila,23.8643892,91.2032366
Alikadam Upazila Health Complex,10000652,Chattogram,Bandarban,Alikadam,DGHS,Upazila Health Complex,Hospital/Clinic,Upazila,21.6523964,92.31191799999999
Anwara Upazila Health Complex,10000729,Chattogram,Chattogram,Anowara,DGHS,Upazila Health Complex,Hospital/Clinic,Upazila,22.2243276,91.88901829999999
Ashugonj Upazila Health Complex,10000665,Chattogram,Brahmanbaria,Ashuganj,DGHS,Upazila Health Complex,Hospital/Clinic,Upazila,24.0640154,90.9868276
Baghaichari Upazila Health Complex,10001067,Chattogram,Rangamati,Baghaichari,DGHS,Upazila Health Complex,Hospital/Clinic,Upazila,22.9669729,92.2007605
Bancharampur Upazila Health Complex,10000667,Chattogram,Brahmanbaria,Banchharampur,DGHS,Upazila Health Complex,Hospital/Clinic,Upazila,23.7712295,90.80182529999999
Bandarban District Hospital,10000655,Chattogram,Bandarban,Bandarban Sadar,DGHS,District Hospital,Hospital/Clinic,District,22.1896135,92.2264957
Banshkhali Upazila Health Complex,10000734,Chattogram,Chattogram,Banshkhali,DGHS,Upazila Health Complex,Hospital/Clinic,Upazila,22.0017357,91.9503596
Barkal Upazila Health Complex,10001070,Chattogram,Rangamati,Barkal,DGHS,Upazila Health Complex,Hospital/Clinic,Upazila,22.7244254,92.3805678
Barura Upazila Health Complex,10000842,Chattogram,Cumilla,Barura,DGHS,Upazila Health Complex,Hospital/Clinic,Upazila,23.3768341,91.05928689999999
Begumganj Upazila Health Complex,10001028,Chattogram,Noakhali,Begumganj,DGHS,Upazila Health Complex,Hospital/Clinic,Upazila,22.9439053,91.11057249999999
Belaichari Upazila Health Complex,10001072,Chattogram,Rangamati,Belaichari,DGHS,Upazila Health Complex,Hospital/Clinic,Upazila,22.3622596,92.49999179999999
Bijoynagar Upazila Health Complex,10013108,Chattogram,Brahmanbaria,Bijoynagar,DGHS,Upazila Health Complex,Hospital/Clinic,Upazila,24.0141859,91.2265536
Boalkhali Upazila Health Complex,10000740,Chattogram,Chattogram,Boalkhali,DGHS,Upazila Health Complex,Hospital/Clinic,Upazila,22.3744591,91.9192144
Brahmanbaria 250 Bed District Sadar Hospital,10000672,Chattogram,Brahmanbaria,Brahmanbaria Sadar,DGHS,200-250 bed Hospital (district hospital),Hospital/Clinic,District,23.9762236,91.11117180000001
Brahmanpara Upazila Health Complex,10000846,Chattogram,Cumilla,Brahmanpara,DGHS,Upazila Health Complex,Hospital/Clinic,Upazila,23.6133333,91.0943145
Burichong Upazila Health Complex,10000847,Chattogram,Cumilla,Burichang,DGHS,Upazila Health Complex,Hospital/Clinic,Upazila,23.5570703,91.1270572
Chaddagram Upazila Health Complex,10000852,Chattogram,Cumilla,Chauddagram,DGHS,Upazila Health Complex,Hospital/Clinic,Upazila,23.2237444,91.3137728
Chakaria Upazila Health Complex,10000918,Chattogram,Cox's Bazar,Chakaria,DGHS,Upazila Health Complex,Hospital/Clinic,Upazila,21.7617554,92.0746398
Chandanaish Upazila Health Complex,10000748,Chattogram,Chattogram,Chandanaish,DGHS,Upazila Health Complex,Hospital/Clinic,Upazila,22.2114681,92.0101031
Chandina Upazila Health Complex,10000857,Chattogram,Cumilla,Chandina,DGHS,Upazila Health Complex,Hospital/Clinic,Upazila,23.4882887,90.9984257
Chandpur 250 Bed General Hospital,10000700,Chattogram,Chandpur,Chandpur Sadar,DGHS,200-250 bed Hospital (district hospital),Hospital/Clinic,District,23.2231817,90.6530009
Chatkhil Upazila Health Complex,10001031,Chattogram,Noakhali,Chatkhil,DGHS,Upazila Health Complex,Hospital/Clinic,Upazila,23.0600994,90.9696512
Chhagalnaya Upazila Health Complex,10000942,Chattogram,Feni,Chhagalnaiya,DGHS,Upazila Health Complex,Hospital/Clinic,Upazila,23.0388683,91.51629559999999
Chittagong 250 Bed General Hospital,10000753,Chattogram,Chattogram,Kotwali,DGHS,200-250 bed Hospital (district hospital),Hospital/Clinic,District,22.3406339,91.8377319
Chittagong Medical College Hospital,10000756,Chattogram,Chattogram,Panchlaish,DGHS,Medical College Hospital,Hospital/Clinic,Regional,22.3592709,91.8308045
Comilla General Hospital,10000864,Chattogram,Cumilla,Cumilla Adarsha Sadar,DGHS,General Hospital (not district hospital),Hospital/Clinic,District,23.4499746,91.1782827
Comilla Sadar Daxin Upazila Health Complex,10000862,Chattogram,Cumilla,Cumilla Sadar Dakshin,DGHS,Upazila Health Complex,Hospital/Clinic,Upazila,23.4547096,91.1812348
Companiganj Upazila Health Complex,10001033,Chattogram,Noakhali,Companiganj,DGHS,Upazila Health Complex,Hospital/Clinic,Upazila,25.0855552,91.7566198
Cox's Bazar 250 Bed District Sadar Hospital,10000922,Chattogram,Cox's Bazar,Cox's Bazar Sadar,DGHS,200-250 bed Hospital (district hospital),Hospital/Clinic,District,21.4409036,91.9766003
Cumilla Medical College Hospital,10000867,Chattogram,Cumilla,Cumilla Adarsha Sadar,DGHS,Medical College Hospital,Hospital/Clinic,Regional,23.4515415,91.2029603
Daganbhuiya Upazila Health Complex,10000946,Chattogram,Feni,Daganbhuiyan,DGHS,Upazila Health Complex,Hospital/Clinic,Upazila,22.8501032,91.39655979999999
Daudkandi Upazila Health Complex,10000875,Chattogram,Cumilla,Daudkandi,DGHS,Upazila Health Complex,Hospital/Clinic,Upazila,23.5297817,90.7834439
Debidwar Upazila Health Complex,10000883,Chattogram,Cumilla,Debidwar,DGHS,Upazila Health Complex,Hospital/Clinic,Upazila,23.6035733,90.9883407
Dighinala Upazila Health Complex,10000973,Chattogram,Khagrachari,Dighinala,DGHS,Upazila Health Complex,Hospital/Clinic,Upazila,23.2495553,92.0666729
Faridganj Upazila Health Complex,10000706,Chattogram,Chandpur,Faridganj,DGHS,Upazila Health Complex,Hospital/Clinic,Upazila,23.122725,90.7545435
Fatikchari Upazila Health Complex,10000781,Chattogram,Chattogram,Fatikchari,DGHS,Upazila Health Complex,Hospital/Clinic,Upazila,22.6366553,91.7952699
Feni 250 Bed District Sadar Hospital,10000954,Chattogram,Feni,Feni Sadar,DGHS,200-250 bed Hospital (district hospital),Hospital/Clinic,District,23.0159132,91.39758309999999
Fulgazi Upazila Health Complex,10000960,Chattogram,Feni,Fulgazi,DGHS,Upazila Health Complex,Hospital/Clinic,Upazila,23.1058338,91.4321219
Haimchar Upazila Health Complex,10000708,Chattogram,Chandpur,Haimchar,DGHS,Upazila Health Complex,Hospital/Clinic,Upazila,23.0947534,90.6621859
Hathazari Upazila Health Complex,10000786,Chattogram,Chattogram,Hathazari,DGHS,Upazila Health Complex,Hospital/Clinic,Upazila,22.5088437,91.804165
Hatiya Upazila Health Complex,10001037,Chattogram,Noakhali,Hatiya,DGHS,Upazila Health Complex,Hospital/Clinic,Upazila,22.2876868,91.1415992
Homna Upazila Health Complex,10000887,Chattogram,Cumilla,Homna,DGHS,Upazila Health Complex,Hospital/Clinic,Upazila,23.681142,90.7823501
Juraichari Upazila Health Complex,10001074,Chattogram,Rangamati,Juraichari,DGHS,Upazila Health Complex,Hospital/Clinic,Upazila,22.7244254,92.3805678
Kabirhat Upazila Health Complex,10001041,Chattogram,Noakhali,Kabirhat,DGHS,Upazila Health Complex,Hospital/Clinic,Upazila,22.7956429,91.1989169
Kachua Upazila Health Complex,10000715,Chattogram,Chandpur,Kachua,DGHS,Upazila Health Complex,Hospital/Clinic,Upazila,23.340233,90.88992139999999
Kamolnagar Upazila Health Complex,10000992,Chattogram,Lakshmipur,Kamalnagar,DGHS,Upazila Health Complex,Hospital/Clinic,Upazila,22.7939502,90.8658322
Kaptai Upazila Health Complex,10001076,Chattogram,Rangamati,Kaptai,DGHS,Upazila Health Complex,Hospital/Clinic,Upazila,22.499721,92.1377387
Kashba Upazila Health Complex,10000678,Chattogram,Brahmanbaria,Kasba,DGHS,Upazila Health Complex,Hospital/Clinic,Upazila,23.7484476,91.1389749
Kawkhali Upazila Health Complex,10001077,Chattogram,Rangamati,Kowkhali,DGHS,Upazila Health Complex,Hospital/Clinic,Upazila,22.6203254,90.0624261
Khagrachari District Hospital,10000976,Chattogram,Khagrachari,Khagrachari Sadar,DGHS,District Hospital,Hospital/Clinic,District,23.1078056,91.9931579
Kutubdia Upazila Health Complex,10000924,Chattogram,Cox's Bazar,Kutubdia,DGHS,Upazila Health Complex,Hospital/Clinic,Upazila,21.8185107,91.8528884
Laksham Upazila Health Complex,10000892,Chattogram,Cumilla,Laksam,DGHS,Upazila Health Complex,Hospital/Clinic,Upazila,23.2339429,91.1177264
Lakshmichari Upazila Health Complex,10000978,Chattogram,Khagrachari,Lakshmichari,DGHS,Upazila Health Complex,Hospital/Clinic,Upazila,22.7961681,91.91236640000001
Lakshmipur District Hospital,10001001,Chattogram,Lakshmipur,Lakshmipur Sadar,DGHS,District Hospital,Hospital/Clinic,District,22.9445334,90.98853679999999
Lalmai Upazila Health Complex,10025367,Chattogram,Cumilla,Lalmi,DGHS,Upazila Health Complex,Hospital/Clinic,Upazila,23.3385932,91.14362080000001
Lama Upazila Health Complex,10000656,Chattogram,Bandarban,Lama,DGHS,Upazila Health Complex,Hospital/Clinic,Upazila,21.7737612,92.1947359
Langadu Upazila Health Complex,10001080,Chattogram,Rangamati,Langadu,DGHS,Upazila Health Complex,Hospital/Clinic,Upazila,22.9669729,92.2007605
Lohagara Upazila Health Complex,10000792,Chattogram,Chattogram,Lohagara,DGHS,Upazila Health Complex,Hospital/Clinic,Upazila,23.1841516,89.6476686
Manikchari Upazila Health Complex,10000979,Chattogram,Khagrachari,Manikchari,DGHS,Upazila Health Complex,Hospital/Clinic,Upazila,22.8497025,91.84156209999999
Matiranga Upazila Health Complex,10000983,Chattogram,Khagrachari,Matiranga,DGHS,Upazila Health Complex,Hospital/Clinic,Upazila,23.0395632,91.8755134
Matlab(daxin) Upazila Health Complex,10000721,Chattogram,Chandpur,Matlab Dakshin,DGHS,Upazila Health Complex,Hospital/Clinic,Upazila,23.3481591,90.7050964
Matlab(uttar) Upazila Health Complex,10000725,Chattogram,Chandpur,Matlab Uttar,DGHS,Upazila Health Complex,Hospital/Clinic,Upazila,23.4422394,90.645147
Meghna Upazila Health Complex,10000893,Chattogram,Cumilla,Meghna,DGHS,Upazila Health Complex,Hospital/Clinic,Upazila,23.6289684,90.69302239999999
Mirsharai Upazila Health Complex,10000794,Chattogram,Chattogram,Mirsharai,DGHS,Upazila Health Complex,Hospital/Clinic,Upazila,22.8406921,91.5467961
Mohalchari Upazila Health Complex,10000986,Chattogram,Khagrachari,Mahalchari,DGHS,Upazila Health Complex,Hospital/Clinic,Upazila,22.937729,92.0310691
Moheshkhali Upazila Health Complex,10000926,Chattogram,Cox's Bazar,Maheshkhali,DGHS,Upazila Health Complex,Hospital/Clinic,Upazila,21.5834097,91.929468
Monoharganj Upazila Health Complex,10000897,Chattogram,Cumilla,Monoharganj,DGHS,Upazila Health Complex,Hospital/Clinic,Upazila,23.153882,91.058448
Muradnagar Upazila Health Complex,10000903,Chattogram,Cumilla,Muradnagar,DGHS,Upazila Health Complex,Hospital/Clinic,Upazila,23.6401853,90.9317536
Nabinagar Upazila Health Complex,10000682,Chattogram,Brahmanbaria,Nabinagar,DGHS,Upazila Health Complex,Hospital/Clinic,Upazila,23.8861958,90.9677571
Naikhongchari Upazila Health Complex,10000658,Chattogram,Bandarban,Naikhongchari,DGHS,Upazila Health Complex,Hospital/Clinic,Upazila,21.4275365,92.1734243
Nangolkot Upazila Health Complex,10002223,Chattogram,Cumilla,Nangalkot,DGHS,Upazila Health Complex,Hospital/Clinic,Upazila,23.1709671,91.1986256
Naniarchar Upazila Health Complex,10001083,Chattogram,Rangamati,Naniarchar,DGHS,Upazila Health Complex,Hospital/Clinic,Upazila,22.862167,92.1106617
Nasirnagar Upazila Health Complex,10000691,Chattogram,Brahmanbaria,Nasirnagar,DGHS,Upazila Health Complex,Hospital/Clinic,Upazila,24.1938903,91.19561379999999
Noakhali 250 Bed General Hospital,10001049,Chattogram,Noakhali,Noakhali Sadar,DGHS,200-250 bed Hospital (district hospital),Hospital/Clinic,District,22.8725498,91.08850179999999
Panchari Upazila Health Complex,10000988,Chattogram,Khagrachari,Panchhari,DGHS,Upazila Health Complex,Hospital/Clinic,Upazila,23.2964904,91.9002744
Parsuram Upazila Health Complex,10000961,Chattogram,Feni,Parshuram,DGHS,Upazila Health Complex,Hospital/Clinic,Upazila,23.211628,91.4449793
Patiya Upazila Health Complex,10000802,Chattogram,Chattogram,Patiya,DGHS,Upazila Health Complex,Hospital/Clinic,Upazila,22.2997122,91.970264
Pekua Upazila Health Complex,10000928,Chattogram,Cox's Bazar,Pekua,DGHS,Upazila Health Complex,Hospital/Clinic,Upazila,21.8155496,91.95391060000001
Raipur Upazila Health Complex,10001003,Chattogram,Lakshmipur,Roypur,DGHS,Upazila Health Complex,Hospital/Clinic,Upazila,23.0311867,90.7662052
Ramganj Upazila Health Complex,10001011,Chattogram,Lakshmipur,Ramganj,DGHS,Upazila Health Complex,Hospital/Clinic,Upazila,23.0924019,90.8609381
Ramgarh Upazila Health Complex,10000991,Chattogram,Khagrachari,Ramgarh,DGHS,Upazila Health Complex,Hospital/Clinic,Upazila,22.9878443,91.73918189999999
Ramgati Upazila Health Complex,10001019,Chattogram,Lakshmipur,Ramgati,DGHS,Upazila Health Complex,Hospital/Clinic,Upazila,22.6483641,90.9258133
Ramu Upazila Health Complex,10000931,Chattogram,Cox's Bazar,Ramu,DGHS,Upazila Health Complex,Hospital/Clinic,Upazila,21.4448546,92.1000821
Rangamati General Hospital,10001088,Chattogram,Rangamati,Rangamati Sadar,DGHS,General Hospital (not district hospital),Hospital/Clinic,District,22.6580983,92.1685304
Rangunia Upazila Health Complex,10000813,Chattogram,Chattogram,Rangunia,DGHS,Upazila Health Complex,Hospital/Clinic,Upazila,22.4226451,91.98652179999999
Raozan Upazila Health Complex,10000817,Chattogram,Chattogram,Raozan,DGHS,Upazila Health Complex,Hospital/Clinic,Upazila,22.5172697,91.9298601
Rowangchari Upazila Health Complex,10000659,Chattogram,Bandarban,Rowangchari,DGHS,Upazila Health Complex,Hospital/Clinic,Upazila,22.1784311,92.33769799999999
Ruma Upazila Health Complex,10000660,Chattogram,Bandarban,Ruma,DGHS,Upazila Health Complex,Hospital/Clinic,Upazila,22.0473551,92.40744049999999
Saharasthi Upazila Health Complex,10000727,Chattogram,Chandpur,Shahrasti,DGHS,Upazila Health Complex,Hospital/Clinic,Upazila,23.2285233,90.94952889999999
Sandwip Upazila Health Complex,10000829,Chattogram,Chattogram,Sandwip,DGHS,Upazila Health Complex,Hospital/Clinic,Upazila,22.5438922,91.4705992
Sarail Upazila Health Complex,10000694,Chattogram,Brahmanbaria,Sarail,DGHS,Upazila Health Complex,Hospital/Clinic,Upazila,24.0713662,91.1182569
Satkania Upazila Health Complex,10000835,Chattogram,Chattogram,Satkania,DGHS,Upazila Health Complex,Hospital/Clinic,Upazila,22.0852863,92.054419
Senbag Upazila Health Complex,10001056,Chattogram,Noakhali,Senbagh,DGHS,Upazila Health Complex,Hospital/Clinic,Upazila,22.9954916,91.2336158
Sitakunda Upazila Health Complex,10000838,Chattogram,Chattogram,Sitakunda,DGHS,Upazila Health Complex,Hospital/Clinic,Upazila,22.6095985,91.664723
Sonagazi Upazila Health Complex,10000969,Chattogram,Feni,Sonagazi,DGHS,Upazila Health Complex,Hospital/Clinic,Upazila,22.8501032,91.39655979999999
Sonaimuri Upazila Health Complex,10001061,Chattogram,Noakhali,Sonaimuri,DGHS,Upazila Health Complex,Hospital/Clinic,Upazila,23.0026044,91.0955188
Subarnachar Upazila Health Complex,10001064,Chattogram,Noakhali,Subarnachar,DGHS,Upazila Health Complex,Hospital/Clinic,Upazila,22.7056335,91.10667699999999
Teknaf Upazila Health Complex,10000934,Chattogram,Cox's Bazar,Teknaf,DGHS,Upazila Health Complex,Hospital/Clinic,Upazila,20.8753498,92.29659439999999
Thanchi Upazila Health Complex,10000661,Chattogram,Bandarban,Thanchi,DGHS,Upazila Health Complex,Hospital/Clinic,Upazila,21.8238459,92.4386306
Titas Upazila Health Complex,10000914,Chattogram,Cumilla,Titas,DGHS,Upazila Health Complex,Hospital/Clinic,Upazila,23.595969,90.79633439999999
Ukhia Upazila Health Complex,10000939,Chattogram,Cox's Bazar,Ukhia,DGHS,Upazila Health Complex,Hospital/Clinic,Upazila,21.2551704,92.1278782
Alfadanga Upazila Health Complex,10000085,Dhaka,Faridpur,Alfadanga,DGHS,Upazila Health Complex,Hospital/Clinic,Upazila,23.2946288,89.7071758
Araihazar Upazila Health Complex,10000415,Dhaka,Narayanganj,Araihazar,DGHS,Upazila Health Complex,Hospital/Clinic,Upazila,23.7905186,90.6606522
Austagram Upazila Health Complex,10000223,Dhaka,Kishoreganj,Austagram,DGHS,Upazila Health Complex,Hospital/Clinic,Upazila,24.2733317,91.1032314
Bajitpur Upazila Health Complex,10000227,Dhaka,Kishoreganj,Bajitpur,DGHS,Upazila Health Complex,Hospital/Clinic,Upazila,24.2139055,90.96489319999999
Baliakandi Upazila Health Complex,10000505,Dhaka,Rajbari,Baliakandi,DGHS,Upazila Health Complex,Hospital/Clinic,Upazila,23.6320888,89.5494684
Bandar Upazila Health Complex,10000420,Dhaka,Narayanganj,Bandar,DGHS,Upazila Health Complex,Hospital/Clinic,Upazila,23.6290652,90.52533919999999
Basail Upazila Health Complex,10000581,Dhaka,Tangail,Basail,DGHS,Upazila Health Complex,Hospital/Clinic,Upazila,24.2290094,90.05453469999999
Belabo Upazila Health Complex,10000436,Dhaka,Narsingdi,Belabo,DGHS,Upazila Health Complex,Hospital/Clinic,Upazila,24.1066467,90.8514301
Bhairab Upazila Health Complex,10000230,Dhaka,Kishoreganj,Bhairab,DGHS,Upazila Health Complex,Hospital/Clinic,Upazila,24.0640154,90.9868276
Bhanga Upazila Health Complex,10000089,Dhaka,Faridpur,Bhanga,DGHS,Upazila Health Complex,Hospital/Clinic,Upazila,23.3827255,89.9810529
Bhedarganj Upazila Health Complex,10000541,Dhaka,Shariatpur,Bhedarganj,DGHS,Upazila Health Complex,Hospital/Clinic,Upazila,23.1977488,90.4476433
Bhuapur Upazila Health Complex,10000586,Dhaka,Tangail,Bhuapur,DGHS,Upazila Health Complex,Hospital/Clinic,Upazila,24.4629235,89.8746932
Boalmari Upazila Health Complex,10000095,Dhaka,Faridpur,Boalmari,DGHS,Upazila Health Complex,Hospital/Clinic,Upazila,23.3916388,89.68525749999999
Charbhadrason Upazila Health Complex,10000098,Dhaka,Faridpur,Char Bhadrasan,DGHS,Upazila Health Complex,Hospital/Clinic,Upazila,23.563364,90.0004371
Damudya Upazila Health Complex,10000544,Dhaka,Shariatpur,Damudya,DGHS,Upazila Health Complex,Hospital/Clinic,Upazila,23.1379536,90.44286699999999
Daulatpur Upazila Health Complex,10000277,Dhaka,Manikganj,Daulatpur,DGHS,Upazila Health Complex,Hospital/Clinic,Upazila,23.9663768,89.82928489999999
Delduar Upazila Health Complex,10000591,Dhaka,Tangail,Delduar,DGHS,Upazila Health Complex,Hospital/Clinic,Upazila,24.1641829,89.96865939999999
Dhaka Medical College Hospital,10000033,Dhaka,Dhaka,Shahbagh,DGHS,Medical College Hospital,Hospital/Clinic,Regional,23.7256553,90.3970882
Dhamrai Upazila Health Complex,10000064,Dhaka,Dhaka,Dhamrai,DGHS,Upazila Health Complex,Hospital/Clinic,Upazila,23.9135162,90.2275441
Dhanbari Upazila Health Complex,10000595,Dhaka,Tangail,Dhanbari,DGHS,Upazila Health Complex,Hospital/Clinic,Upazila,24.6898613,89.9542883
Dohar Upazila Health Complex,10000069,Dhaka,Dhaka,Dohar,DGHS,Upazila Health Complex,Hospital/Clinic,Upazila,23.6157665,90.12273909999999
Faridpur General Hospital,10000105,Dhaka,Faridpur,Faridpur Sadar,DGHS,General Hospital (not district hospital),Hospital/Clinic,District,23.6049185,89.83647409999999
Faridpur Medical College Hospital,10000108,Dhaka,Faridpur,Faridpur Sadar,DGHS,Medical College Hospital,Hospital/Clinic,Regional,23.5880489,89.8352342
Gazaria Upazila Health Complex,10000317,Dhaka,Munshiganj,Gazaria,DGHS,Upazila Health Complex,Hospital/Clinic,Upazila,23.5529662,90.65290999999999
Ghatail Upazila Health Complex,10000601,Dhaka,Tangail,Ghatail,DGHS,Upazila Health Complex,Hospital/Clinic,Upazila,24.4843994,89.97355449999999
Ghior Upazila Health Complex,10000281,Dhaka,Manikganj,Ghior,DGHS,Upazila Health Complex,Hospital/Clinic,Upazila,23.891514,89.87653
Goalanda Upazila Health Complex,10000508,Dhaka,Rajbari,Goalanda,DGHS,Upazila Health Complex,Hospital/Clinic,Upazila,23.723911,89.7469229
Gopalganj 250 bed General Hospital,10002233,Dhaka,Gopalganj,Gopalganj Sadar,DGHS,200-250 bed Hospital (district hospital),Hospital/Clinic,District,22.9982121,89.8190072
Gopalpur Upazila Health Complex,10000607,Dhaka,Tangail,Gopalpur,DGHS,Upazila Health Complex,Hospital/Clinic,Upazila,24.5498899,89.92717809999999
Goshairhat Upazila Health Complex,10000546,Dhaka,Shariatpur,Gosairhat,DGHS,Upazila Health Complex,Hospital/Clinic,Upazila,23.078989,90.42886829999999
Harirampur Upazila Health Complex,10000288,Dhaka,Manikganj,Harirampur,DGHS,Upazila Health Complex,Hospital/Clinic,Upazila,23.7426415,89.9756586
Hossainpur Upazila Health Complex,10000232,Dhaka,Kishoreganj,Hossainpur,DGHS,Upazila Health Complex,Hospital/Clinic,Upazila,24.417774,90.65625849999999
Itna Upazila Health Complex,10000234,Dhaka,Kishoreganj,Itna,DGHS,Upazila Health Complex,Hospital/Clinic,Upazila,24.5275596,91.09379469999999
Kaliakair Upazila Health Complex,10000141,Dhaka,Gazipur,Kaliakair,DGHS,Upazila Health Complex,Hospital/Clinic,Upazila,24.0664694,90.20948589999999
"Kaliganj Upazila Health Complex, Gazipur",10000144,Dhaka,Gazipur,Kaliganj,DGHS,Upazila Health Complex,Hospital/Clinic,Upazila,23.9240559,90.57015419999999
Kalihati Upazila Health Complex,10000613,Dhaka,Tangail,Kalihati,DGHS,Upazila Health Complex,Hospital/Clinic,Upazila,24.3900372,89.9896531
Kalkini Upazila Health Complex,10000258,Dhaka,Madaripur,Kalkini,DGHS,Upazila Health Complex,Hospital/Clinic,Upazila,23.0748425,90.2289366
Kalukhali Upazila Health Complex,10000511,Dhaka,Rajbari,Kalukhali,DGHS,Upazila Health Complex,Hospital/Clinic,Upazila,23.7653703,89.48563039999999
Kapasia Upazila Health Complex,10000146,Dhaka,Gazipur,Kapasia,DGHS,Upazila Health Complex,Hospital/Clinic,Upazila,24.1216248,90.56842270000001
Karimganj Upazila Health Complex,10000236,Dhaka,Kishoreganj,Karimganj,DGHS,Upazila Health Complex,Hospital/Clinic,Upazila,24.4658876,90.8718332
Kashiani Upazila Health Complex,10000167,Dhaka,Gopalganj,Kashiani,DGHS,Upazila Health Complex,Hospital/Clinic,Upazila,23.2365898,89.71891959999999
Katiadi Upazila Health Complex,10000241,Dhaka,Kishoreganj,Katiadi,DGHS,Upazila Health Complex,Hospital/Clinic,Upazila,24.2444284,90.7978258
Keraniganj Upazila Health Complex,10000074,Dhaka,Dhaka,Keraniganj,DGHS,Upazila Health Complex,Hospital/Clinic,Upazila,23.7064049,90.34714760000001
Kishoreganj 250 Bed District Sadar Hospital,10000243,Dhaka,Kishoreganj,Kishoreganj Sadar,DGHS,200-250 bed Hospital (district hospital),Hospital/Clinic,District,24.4331227,90.7865655
Kotwalipara Upazila Health Complex,10000173,Dhaka,Gopalganj,Kotalipara,DGHS,Upazila Health Complex,Hospital/Clinic,Upazila,22.9863772,90.00462399999999
Kuliarchar Upazila Health Complex,10000246,Dhaka,Kishoreganj,Kuliarchar,DGHS,Upazila Health Complex,Hospital/Clinic,Upazila,24.1573607,90.9289026
Louhajang Upazila Health Complex,10000323,Dhaka,Munshiganj,Lohajang,DGHS,Upazila Health Complex,Hospital/Clinic,Upazila,23.4786428,90.3422982
Madaripur District Hospital,10000263,Dhaka,Madaripur,Madaripur Sadar,DGHS,District Hospital,Hospital/Clinic,District,23.1653896,90.21206480000001
Manikganj 250 Bed District Hospital,10000297,Dhaka,Manikganj,Manikganj Sadar,DGHS,200-250 bed Hospital (district hospital),Hospital/Clinic,District,23.8692057,90.0006545
Mirzapur Upazila Health Complex,10000619,Dhaka,Tangail,Mirzapur,DGHS,Upazila Health Complex,Hospital/Clinic,Upazila,24.146499,90.0202292
Mithamoin Upazila Health Complex,10000249,Dhaka,Kishoreganj,Mithamain,DGHS,Upazila Health Complex,Hospital/Clinic,Upazila,24.4150926,91.05150599999999
Modhukhali Upazila Health Complex,10000113,Dhaka,Faridpur,Madhukhali,DGHS,Upazila Health Complex,Hospital/Clinic,Upazila,23.3916388,89.68525749999999
"Modhupur Upazila Health Complex, Tangail.",10000629,Dhaka,Tangail,Madhupur,DGHS,Upazila Health Complex,Hospital/Clinic,Upazila,24.6087098,90.02609110000002
Monohardi Upazila Health Complex,10000443,Dhaka,Narsingdi,Manohardi,DGHS,Upazila Health Complex,Hospital/Clinic,Upazila,24.1502347,90.70006769999999
"Mugda 500 Bed General Hospital, Dhaka",10013720,Dhaka,Dhaka,Mugda Para,DGHS,300-500 bed Hospital (not district hospital),Hospital/Clinic,Regional,23.7315171,90.42946200000002
Mukshedpur Upazila Health Complex,10000181,Dhaka,Gopalganj,Muksudpur,DGHS,Upazila Health Complex,Hospital/Clinic,Upazila,23.3194117,89.8724368
Munshiganj 250 bed District Hospital,10000328,Dhaka,Munshiganj,Munshiganj Sadar,DGHS,200-250 bed Hospital (district hospital),Hospital/Clinic,District,23.4980931,90.41266209999999
Nagarkanda Upazila Health Complex,10000120,Dhaka,Faridpur,Nagarkanda,DGHS,Upazila Health Complex,Hospital/Clinic,Upazila,23.420866,89.89422429999999
Nagarpur Upazila Health Complex,10000634,Dhaka,Tangail,Nagarpur,DGHS,Upazila Health Complex,Hospital/Clinic,Upazila,24.0504217,89.8740449
Narayanganj 300 Bed Hospital,10000425,Dhaka,Narayanganj,Narayanganj Sadar,DGHS,300-500 bed Hospital (not district hospital),Hospital/Clinic,National,23.6265177,90.5078152
Narayanganj General (Victoria) Hospital,10000427,Dhaka,Narayanganj,Narayanganj Sadar,DGHS,General Hospital (not district hospital),Hospital/Clinic,District,23.6084011,90.50326590000002
Naria Upazila Health Complex,10000551,Dhaka,Shariatpur,Naria,DGHS,Upazila Health Complex,Hospital/Clinic,Upazila,23.3085294,90.4285328
Narsingdi District Hospital,10000452,Dhaka,Narsingdi,Narsingdi Sadar,DGHS,District Hospital,Hospital/Clinic,District,23.9299304,90.7026636
Nawabganj Upazila Health Complex,10000080,Dhaka,Dhaka,Nawabganj,DGHS,Upazila Health Complex,Hospital/Clinic,Upazila,23.6566436,90.1645685
Nikli Upazila Health Complex,10000250,Dhaka,Kishoreganj,Nikli,DGHS,Upazila Health Complex,Hospital/Clinic,Upazila,24.32586,90.9335328
Pakundia Upazila Health Complex,10000252,Dhaka,Kishoreganj,Pakundia,DGHS,Upazila Health Complex,Hospital/Clinic,Upazila,24.3292883,90.6793802
Palash Upazila Health Complex,10000456,Dhaka,Narsingdi,Palash,DGHS,Upazila Health Complex,Hospital/Clinic,Upazila,23.9741677,90.65981479999999
Pangsha Upazila Health Complex,10000518,Dhaka,Rajbari,Pangsha,DGHS,Upazila Health Complex,Hospital/Clinic,Upazila,23.7906675,89.4255979
Raipura Upazila Health Complex,10000458,Dhaka,Narsingdi,Roypura,DGHS,Upazila Health Complex,Hospital/Clinic,Upazila,24.0001157,90.8623005
Rajbari District Hospital,10000536,Dhaka,Rajbari,Rajbari Sadar,DGHS,District Hospital,Hospital/Clinic,District,23.7495843,89.6473056
Rajoir Upazila Health Complex,10000270,Dhaka,Madaripur,Rajoir,DGHS,Upazila Health Complex,Hospital/Clinic,Upazila,23.2083584,90.0485525
Rupganj Upazila Health Complex,10000430,Dhaka,Narayanganj,Rupganj,DGHS,Upazila Health Complex,Hospital/Clinic,Upazila,23.7993877,90.52711149999999
Saltha Upazila Health Complex,10013106,Dhaka,Faridpur,Saltha,DGHS,Upazila Health Complex,Hospital/Clinic,Upazila,23.4328101,89.7825682
Saturia Upazila Health Complex,10000303,Dhaka,Manikganj,Saturia,DGHS,Upazila Health Complex,Hospital/Clinic,Upazila,23.9729721,90.0361533
Savar Upazila Health Complex,10000083,Dhaka,Dhaka,Savar,DGHS,Upazila Health Complex,Hospital/Clinic,Upazila,23.8385698,90.24762989999999
Serajdikhan Upazila Health Complex,10000333,Dhaka,Munshiganj,Serajdikhan,DGHS,Upazila Health Complex,Hospital/Clinic,Upazila,23.5496776,90.38749039999999
Shaheed Ahsan Ullah Master General Hospital,10000129,Dhaka,Gazipur,Gazipur Sadar,DGHS,General Hospital (not district hospital),Hospital/Clinic,Regional,23.8933902,90.4022109
Shaheed Suhrawardy Medical College Hospital,10000051,Dhaka,Dhaka,Sher-e-bangla Nagar,DGHS,Medical College Hospital,Hospital/Clinic,Regional,23.7692146,90.3713616
Shakipur Upazila Health Complex,10000640,Dhaka,Tangail,Sakhipur,DGHS,Upazila Health Complex,Hospital/Clinic,Upazila,24.3164679,90.170626
Shariatpur District Hospital,10000559,Dhaka,Shariatpur,Shariatpur Sadar,DGHS,District Hospital,Hospital/Clinic,District,23.2116043,90.3484297
"Sheikh Hasina Medical College Hospital, Tangail",10024593,Dhaka,Tangail,Tangail Sadar,DGHS,Medical College Hospital,Hospital/Clinic,National,24.2636082,89.92414850000002
Shibalaya Upazila Health Complex,10000307,Dhaka,Manikganj,Shibalaya,DGHS,Upazila Health Complex,Hospital/Clinic,Upazila,23.8461945,89.8214775
Shibchar Upazila Health Complex,10000274,Dhaka,Madaripur,Shibchar,DGHS,Upazila Health Complex,Hospital/Clinic,Upazila,23.3433746,90.17042239999999
Shibpur Upazila Health Complex,10000461,Dhaka,Narsingdi,Shibpur,DGHS,Upazila Health Complex,Hospital/Clinic,Upazila,24.0371778,90.7326197
Singair Upazila Health Complex,10000312,Dhaka,Manikganj,Singair,DGHS,Upazila Health Complex,Hospital/Clinic,Upazila,23.8136016,90.13056189999999
Sir Salimullah Medical College Hospital,10000056,Dhaka,Dhaka,Kotwali,DGHS,Medical College Hospital,Hospital/Clinic,Regional,23.7105117,90.40213089999999
Sonargaon Upazila Health Complex,10000435,Dhaka,Narayanganj,Sonargaon,DGHS,Upazila Health Complex,Hospital/Clinic,Upazila,23.6471325,90.6167565
Sreenagar Upazila Health Complex,10000341,Dhaka,Munshiganj,Sreenagar,DGHS,Upazila Health Complex,Hospital/Clinic,Upazila,23.5500127,90.29016899999999
Sreepur Upazila Health Complex,10000151,Dhaka,Gazipur,Sreepur,DGHS,Upazila Health Complex,Hospital/Clinic,Upazila,24.1999809,90.4726482
Tangail 250 Bed District Hospital,10000647,Dhaka,Tangail,Tangail Sadar,DGHS,200-250 bed Hospital (district hospital),Hospital/Clinic,District,24.263342,89.9255878
Tarail Upazila Health Complex,10000253,Dhaka,Kishoreganj,Tarail,DGHS,Upazila Health Complex,Hospital/Clinic,Upazila,24.5502507,90.8874775
Tungibari Upazila Health Complex,10000347,Dhaka,Munshiganj,Tongibari,DGHS,Upazila Health Complex,Hospital/Clinic,Upazila,23.5118889,90.46616019999999
Tungipara Upazila Health Complex,10000182,Dhaka,Gopalganj,Tungipara,DGHS,Upazila Health Complex,Hospital/Clinic,Upazila,22.8941127,89.88953790000001
Zanjira Upazila Health Complex,10000563,Dhaka,Shariatpur,Zanjira,DGHS,Upazila Health Complex,Hospital/Clinic,Upazila,22.9109195,90.6232171
Abhoynagar Upazila Health Complex,10001737,Khulna,Jashore,Abhaynagar,DGHS,Upazila Health Complex,Hospital/Clinic,Upazila,23.0221697,89.395584
Alamdanga Upazila Health Complex,10001719,Khulna,Chuadanga,Alamdanga,DGHS,Upazila Health Complex,Hospital/Clinic,Upazila,23.7885968,88.9029102
Assasuni Upazila Health Complex,10001914,Khulna,Satkhira,Assasuni,DGHS,Upazila Health Complex,Hospital/Clinic,Upazila,22.5470483,89.1776775
Bagerhat District Hospital,10001693,Khulna,Bagerhat,Bagerhat Sadar,DGHS,District Hospital,Hospital/Clinic,District,22.7955887,89.8726916
Bagherpara Upazila Health Complex,10001741,Khulna,Jashore,Bagherpara,DGHS,Upazila Health Complex,Hospital/Clinic,Upazila,23.2191034,89.34433419999999
Batiaghata Upazila Health Complex,10001792,Khulna,Khulna,Batiaghata,DGHS,Upazila Health Complex,Hospital/Clinic,Upazila,22.7386876,89.51466429999999
Bheramara Upazila Health Complex,10001830,Khulna,Kushtia,Bheramara,DGHS,Upazila Health Complex,Hospital/Clinic,Upazila,24.0325349,89.0048949
Chitalmari Upazila Health Complex,10001696,Khulna,Bagerhat,Chitalmari,DGHS,Upazila Health Complex,Hospital/Clinic,Upazila,22.7954188,89.8731677
Chowgacha Upazila Health Complex,10001744,Khulna,Jashore,Chaugacha,DGHS,Upazila Health Complex,Hospital/Clinic,Upazila,23.2594433,89.02491169999999
Chuadanga District Hospital,10001723,Khulna,Chuadanga,Chuadanga Sadar,DGHS,District Hospital,Hospital/Clinic,District,23.617779,88.8733006
Dacope Upazila Health Complex,10001794,Khulna,Khulna,Dacope,DGHS,Upazila Health Complex,Hospital/Clinic,Upazila,22.5994035,89.5176149
Damurhuda Upazila Health Complex,10001731,Khulna,Chuadanga,Damurhuda,DGHS,Upazila Health Complex,Hospital/Clinic,Upazila,23.613707,88.7635289
Daulatpur Upazila Health Complex,10002214,Khulna,Kushtia,Daulatpur,DGHS,Upazila Health Complex,Hospital/Clinic,Upazila,23.9663768,89.82928489999999
Dighalia Upazila Health Complex,10001797,Khulna,Khulna,Dighalia,DGHS,Upazila Health Complex,Hospital/Clinic,Upazila,22.8730466,89.52459859999999
Dumuria Upazila Health Complex,10001799,Khulna,Khulna,Dumuria,DGHS,Upazila Health Complex,Hospital/Clinic,Upazila,22.8098382,89.4100684
Fakirhat Upazila Health Complex,10001701,Khulna,Bagerhat,Fakirhat,DGHS,Upazila Health Complex,Hospital/Clinic,Upazila,22.7778718,89.70012779999999
Fultala Upazila Health Complex,10001801,Khulna,Khulna,Phultala,DGHS,Upazila Health Complex,Hospital/Clinic,Upazila,22.9572429,89.4807699
Gangni Upazila Health Complex,10001891,Khulna,Meherpur,Gangni,DGHS,Upazila Health Complex,Hospital/Clinic,Upazila,23.8163155,88.7443078
Jassore 250 bed General Hospital,10013096,Khulna,Jashore,Jashore Sadar,DGHS,200-250 bed Hospital (district hospital),Hospital/Clinic,District,23.1687959,89.20915869999999
Jhenaidah District Hospital,10001776,Khulna,Jhenaidah,Jhenaidah Sadar,DGHS,District Hospital,Hospital/Clinic,District,23.5306696,89.17223659999999
Jhikargacha Upazila Health Complex,10001759,Khulna,Jashore,Jhikargacha,DGHS,Upazila Health Complex,Hospital/Clinic,Upazila,23.0999066,89.0991083
Jibannagar Upazila Health Complex,10001734,Khulna,Chuadanga,Jibannagar,DGHS,Upazila Health Complex,Hospital/Clinic,Upazila,23.4266939,88.82359939999999
Kachua Upazila Health Complex,10002206,Khulna,Bagerhat,Kachua,DGHS,Upazila Health Complex,Hospital/Clinic,Upazila,23.340233,90.88992139999999
Kalaroa Upazila Health Complex,10001918,Khulna,Satkhira,Kalaroa,DGHS,Upazila Health Complex,Hospital/Clinic,Upazila,22.8604031,89.0363302
Kalia Upazila Health Complex,10001904,Khulna,Narail,Kalia,DGHS,Upazila Health Complex,Hospital/Clinic,Upazila,23.0411777,89.63590339999999
"Kaliganj Upazila Health Complex, Jhenaidah.",10002213,Khulna,Jhenaidah,Kaliganj,DGHS,Upazila Health Complex,Hospital/Clinic,Upazila,23.4029033,89.1430606
"Kaliganj Upazila Health Complex, Satkhira.",10002212,Khulna,Satkhira,Kaliganj,DGHS,Upazila Health Complex,Hospital/Clinic,Upazila,22.4630952,89.02480349999999
Keshabpur Upazila Health Complex,10001760,Khulna,Jashore,Keshabpur,DGHS,Upazila Health Complex,Hospital/Clinic,Upazila,22.9092303,89.2133973
Khoksha Upazila Health Complex,10001842,Khulna,Kushtia,Khoksa,DGHS,Upazila Health Complex,Hospital/Clinic,Upazila,23.8101766,89.288138
"Khulna 250 Bed General Hospital, Khulna",10001805,Khulna,Khulna,Khulna Sadar,DGHS,200-250 bed Hospital (district hospital),Hospital/Clinic,District,22.8281662,89.5371409
Khulna Medical College Hospital,10001807,Khulna,Khulna,Sonadanga,DGHS,Medical College Hospital,Hospital/Clinic,Regional,22.8281662,89.5371409
Kotchandpur Upazila Health Complex,10001780,Khulna,Jhenaidah,Kotchandpur,DGHS,Upazila Health Complex,Hospital/Clinic,Upazila,23.4114561,89.0054244
Koyra Upazila Health Complex,10001817,Khulna,Khulna,Koyra,DGHS,Upazila Health Complex,Hospital/Clinic,Upazila,22.4586429,89.2801437
Kumarkhali Upazila Health Complex,10001848,Khulna,Kushtia,Kumarkhali,DGHS,Upazila Health Complex,Hospital/Clinic,Upazila,23.8605042,89.2382519
Kushtia 250 bed General Hospital,10001862,Khulna,Kushtia,Kushtia Sadar,DGHS,200-250 bed Hospital (district hospital),Hospital/Clinic,District,23.9011989,89.12426409999999
Lohagara Upazila Health Complex,10002211,Khulna,Narail,Lohagara,DGHS,Upazila Health Complex,Hospital/Clinic,Upazila,23.1841516,89.6476686
Magura District Hospital,10001876,Khulna,Magura,Magura Sadar,DGHS,District Hospital,Hospital/Clinic,District,23.4863665,89.4215122
Meherpur 250 bed District Hospital,10001898,Khulna,Meherpur,Meherpur Sadar,DGHS,200-250 bed Hospital (district hospital),Hospital/Clinic,District,23.7783545,88.6423945
Mirpur Upazila Health Complex,10001870,Khulna,Kushtia,Mirpur,DGHS,Upazila Health Complex,Hospital/Clinic,Upazila,23.9312905,88.9966056
Mohammadpur Upazila Health Complex,10001882,Khulna,Magura,Mohammadpur,DGHS,Upazila Health Complex,Hospital/Clinic,Upazila,23.3996622,89.582769
Moheshpur Upazila Health Complex,10001785,Khulna,Jhenaidah,Maheshpur,DGHS,Upazila Health Complex,Hospital/Clinic,Upazila,23.3619368,88.9249224
Mollahat Upazila Health Complex,10001706,Khulna,Bagerhat,Mollahat,DGHS,Upazila Health Complex,Hospital/Clinic,Upazila,22.9275399,89.8017596
Mongla Upazila Health Complex,10001707,Khulna,Bagerhat,Mongla,DGHS,Upazila Health Complex,Hospital/Clinic,Upazila,22.4942196,89.6016171
Monirampur Upazila Health Complex,10001763,Khulna,Jashore,Monirampur,DGHS,Upazila Health Complex,Hospital/Clinic,Upazila,23.008817,89.2352525
Morrelganj Upazila Health Complex,10001708,Khulna,Bagerhat,Morrelganj,DGHS,Upazila Health Complex,Hospital/Clinic,Upazila,22.4562842,89.8648338
Mujibnagar Upazila Health Complex,10001902,Khulna,Meherpur,Mujibnagar,DGHS,Upazila Health Complex,Hospital/Clinic,Upazila,23.6694403,88.6034729
Narail District Hospital,10001913,Khulna,Narail,Narail Sadar,DGHS,District Hospital,Hospital/Clinic,District,23.1721187,89.49930669999999
Paikgacha Upazila Health Complex,10001824,Khulna,Khulna,Paikgacha,DGHS,Upazila Health Complex,Hospital/Clinic,Upazila,22.5935295,89.3183857
Rampal Upazila Health Complex,10001710,Khulna,Bagerhat,Rampal,DGHS,Upazila Health Complex,Hospital/Clinic,Upazila,22.5877107,89.6497052
Rupsha Upazila Health Complex,10001826,Khulna,Khulna,Rupsa,DGHS,Upazila Health Complex,Hospital/Clinic,Upazila,22.8223637,89.550115
Sarankhola Upazila Health Complex,10001712,Khulna,Bagerhat,Sarankhola,DGHS,Upazila Health Complex,Hospital/Clinic,Upazila,22.3128846,89.84993329999999
Sarsa Upazila Health Complex,10001768,Khulna,Jashore,Sharsha,DGHS,Upazila Health Complex,Hospital/Clinic,Upazila,23.054194,88.989513
Satkhira 250 bed Medical College Hospital,10024591,Khulna,Satkhira,Satkhira Sadar,DGHS,Medical College Hospital,Hospital/Clinic,District,22.6901577,89.0469437
Satkhira District Hospital,10001926,Khulna,Satkhira,Satkhira Sadar,DGHS,District Hospital,Hospital/Clinic,District,22.7223116,89.068737
Shailkupa Upazila Health Complex,10001790,Khulna,Jhenaidah,Shailkupa,DGHS,Upazila Health Complex,Hospital/Clinic,Upazila,23.6813144,89.2462735
Shalikha Upazila Health Complex,10001885,Khulna,Magura,Shalikha,DGHS,Upazila Health Complex,Hospital/Clinic,Upazila,23.3033389,89.375142
Shyamnagar Upazila Health Complex,10001928,Khulna,Satkhira,Shyamnagar,DGHS,Upazila Health Complex,Hospital/Clinic,Upazila,22.3436556,89.102396099999993
Sreepur Upazila Health Complex,10002208,Khulna,Magura,Sreepur,DGHS,Upazila Health Complex,Hospital/Clinic,Upazila,24.1999809,90.4726482
Tala Upazila Health Complex,10001930,Khulna,Satkhira,Tala,DGHS,Upazila Health Complex,Hospital/Clinic,Upazila,22.7509368,89.2599362
Terokhada Upazila Health Complex,10001828,Khulna,Khulna,Terokhada,DGHS,Upazila Health Complex,Hospital/Clinic,Upazila,22.928258,89.672511
Atpara Upazila Health Complex,10000466,Mymensingh,Netrakona,Atpara,DGHS,Upazila Health Complex,Hospital/Clinic,Upazila,24.8099522,90.86200269999999
Bakshiganj Upazila Health Complex,10000188,Mymensingh,Jamalpur,Bakshiganj,DGHS,Upazila Health Complex,Hospital/Clinic,Upazila,25.177373,89.87068239999999
Barhatta Upazila Health Complex,10000468,Mymensingh,Netrakona,Barhatta,DGHS,Upazila Health Complex,Hospital/Clinic,Upazila,24.8978283,90.8872695
Dewanganj Upazila Health Complex,10000191,Mymensingh,Jamalpur,Dewanganj,DGHS,Upazila Health Complex,Hospital/Clinic,Upazila,25.1617691,89.75889869999999
Dhubaura Upazila Health Complex,10000355,Mymensingh,Mymensingh,Dhobaura,DGHS,Upazila Health Complex,Hospital/Clinic,Upazila,25.0902996,90.5137506
Durgapur Upazila Health Complex,10002304,Mymensingh,Netrakona,Durgapur,DGHS,Upazila Health Complex,Hospital/Clinic,Upazila,25.1282929,90.6786839
Fulbaria Upazila Health Complex,10000358,Mymensingh,Mymensingh,Fulbaria,DGHS,Upazila Health Complex,Hospital/Clinic,Upazila,24.6265478,90.2792457
Gofargaon Upazila Health Complex,10000369,Mymensingh,Mymensingh,Gaffargaon,DGHS,Upazila Health Complex,Hospital/Clinic,Upazila,24.4627428,90.54507319999999
Gouripur Upazila Health Complex,10000373,Mymensingh,Mymensingh,Gauripur,DGHS,Upazila Health Complex,Hospital/Clinic,Upazila,24.7708597,90.5693264
Haluaghat Upazila Health Complex,10000379,Mymensingh,Mymensingh,Haluaghat,DGHS,Upazila Health Complex,Hospital/Clinic,Upazila,25.1183767,90.3386664
Islampur Upazila Health Complex,10000196,Mymensingh,Jamalpur,Islampur,DGHS,Upazila Health Complex,Hospital/Clinic,Upazila,25.0778469,89.799385
Iswarganj Upazila Health Complex,10000383,Mymensingh,Mymensingh,Ishwarganj,DGHS,Upazila Health Complex,Hospital/Clinic,Upazila,24.68995,90.6109697
Jamalpur 250 Beded General Hospital,10000208,Mymensingh,Jamalpur,Jamalpur Sadar,DGHS,200-250 bed Hospital (district hospital),Hospital/Clinic,District,24.9407085,89.93395799999999
Jhenaigati Upazila Health Complex,10000565,Mymensingh,Sherpur,Jhenaigati,DGHS,Upazila Health Complex,Hospital/Clinic,Upazila,25.1824278,90.0664437
Kalmakanda Upazila Health Complex,10000472,Mymensingh,Netrakona,Kalmakanda,DGHS,Upazila Health Complex,Hospital/Clinic,Upazila,25.0738598,90.89306619999999
Kendua Upazila Health Complex,10000482,Mymensingh,Netrakona,Kendua,DGHS,Upazila Health Complex,Hospital/Clinic,Upazila,24.6532945,90.8241221
Khaliajuri Upazila Health Complex,10000486,Mymensingh,Netrakona,Khaliajuri,DGHS,Upazila Health Complex,Hospital/Clinic,Upazila,24.687275,91.1319264
Madan Upazila Health Complex,10000488,Mymensingh,Netrakona,Madan,DGHS,Upazila Health Complex,Hospital/Clinic,Upazila,24.7166957,90.9453231
Madarganj Upazila Health Complex,10000212,Mymensingh,Jamalpur,Madarganj,DGHS,Upazila Health Complex,Hospital/Clinic,Upazila,24.8802883,89.7567693
Melandah Upazila Health Complex,10000218,Mymensingh,Jamalpur,Melandaha,DGHS,Upazila Health Complex,Hospital/Clinic,Upazila,24.9821864,89.835955
Mohanganj Upazila  Health  Complex,10000489,Mymensingh,Netrakona,Mohanganj,DGHS,Upazila Health Complex,Hospital/Clinic,Upazila,24.8789388,90.9825149
Muktagacha Upazila Health Complex,10000387,Mymensingh,Mymensingh,Muktagacha,DGHS,Upazila Health Complex,Hospital/Clinic,Upazila,24.7616698,90.270377
Mymensingh Medical College Hospital,10000397,Mymensingh,Mymensingh,Mymensingh Sadar,DGHS,Medical College Hospital,Hospital/Clinic,Regional,24.7415322,90.4089228
Nakhla Upazila Health Complex,10000567,Mymensingh,Sherpur,Nakla,DGHS,Upazila Health Complex,Hospital/Clinic,Upazila,24.9670008,90.1832834
Nalitabari Upazila Health Complex,10000568,Mymensingh,Sherpur,Nalitabari,DGHS,Upazila Health Complex,Hospital/Clinic,Upazila,25.0935546,90.1890143
Nandail Upazila Health Complex,10000404,Mymensingh,Mymensingh,Nandail,DGHS,Upazila Health Complex,Hospital/Clinic,Upazila,24.5659377,90.68990339999999
Netrokona District Hospital,10000496,Mymensingh,Netrakona,Netrokona Sadar,DGHS,District Hospital,Hospital/Clinic,District,24.8715569,90.7320982
Phulpur Upazila Health Complex,10000362,Mymensingh,Mymensingh,Phulpur,DGHS,Upazila Health Complex,Hospital/Clinic,Upazila,24.9486478,90.36453790000002
Purbadhala Upazila Health Complex,10000500,Mymensingh,Netrakona,Purbadhala,DGHS,Upazila Health Complex,Hospital/Clinic,Upazila,24.9476991,90.6013237
Sarishabari Upazila Health Complex,10000220,Mymensingh,Jamalpur,Sarishabari,DGHS,Upazila Health Complex,Hospital/Clinic,Upazila,24.7552498,89.83585219999999
Sherpur District Hospital,10000576,Mymensingh,Sherpur,Sherpur Sadar,DGHS,District Hospital,Hospital/Clinic,District,25.0182375,90.024633
Sribordi Upazila health Complex,10000578,Mymensingh,Sherpur,Sreebardi,DGHS,Upazila Health Complex,Hospital/Clinic,Upazila,25.149808,89.934806
Trisal Upazila Health Complex,10000409,Mymensingh,Mymensingh,Trishal,DGHS,Upazila Health Complex,Hospital/Clinic,Upazila,24.5779015,90.3946564
Adamdighi Upazila Health Complex,10001095,Rajshahi,Bogura,Adamdighi,DGHS,Upazila Health Complex,Hospital/Clinic,Upazila,24.8222349,89.044119
Akkelpur Upazila Health Complex,10001289,Rajshahi,Joypurhat,Akkelpur,DGHS,Upazila Health Complex,Hospital/Clinic,Upazila,24.9674097,89.02301130000001
Atgharia Upazila Health Complex,10001472,Rajshahi,Pabna,Atgharia,DGHS,Upazila Health Complex,Hospital/Clinic,Upazila,24.1147584,89.24300559999999
Atrai Upazila Health Complex,10001363,Rajshahi,Naogaon,Atrai,DGHS,Upazila Health Complex,Hospital/Clinic,Upazila,24.611162,88.97819969999999
Badalgachi Upazila Health Complex,10001370,Rajshahi,Naogaon,Badalgachhi,DGHS,Upazila Health Complex,Hospital/Clinic,Upazila,24.9607274,88.90577669999999
Bagha Upazila Health Complex,10001527,Rajshahi,Rajshahi,Bagha,DGHS,Upazila Health Complex,Hospital/Clinic,Upazila,24.1987913,88.8378535
Bagmara Upazila Health Complex,10001523,Rajshahi,Rajshahi,Baghmara,DGHS,Upazila Health Complex,Hospital/Clinic,Upazila,24.5594502,88.80393579999999
Baraigram Upazila Health Complex,10001421,Rajshahi,Natore,Baraigram,DGHS,Upazila Health Complex,Hospital/Clinic,Upazila,24.3121676,89.16629840000002
Belkuchi Upazila Health Complex,10001624,Rajshahi,Sirajganj,Belkuchi,DGHS,Upazila Health Complex,Hospital/Clinic,Upazila,24.2948402,89.69601589999999
Bera Upazila Health Complex,10001476,Rajshahi,Pabna,Bera,DGHS,Upazila Health Complex,Hospital/Clinic,Upazila,24.0776786,89.61486430000001
Bhangura Upazila Health Complex,10001473,Rajshahi,Pabna,Bhangura,DGHS,Upazila Health Complex,Hospital/Clinic,Upazila,24.2127755,89.3781084
Bholahat Upazila Health Complex,10001163,Rajshahi,Chapai Nawabganj,Bholahat,DGHS,Upazila Health Complex,Hospital/Clinic,Upazila,24.9363316,88.22329529999999
Bogra 250 bed Mohammad Ali District Hospital,10001109,Rajshahi,Bogura,Bogura Sadar,DGHS,200-250 bed Hospital (district hospital),Hospital/Clinic,Regional,24.8356039,89.3741702
Chapai Nababganj District Hospital,10001186,Rajshahi,Chapai Nawabganj,Chapai Nababganj Sadar,DGHS,District Hospital,Hospital/Clinic,District,24.5980828,88.26547479999999
Charghat Upazila Health Complex,10001528,Rajshahi,Rajshahi,Charghat,DGHS,Upazila Health Complex,Hospital/Clinic,Upazila,24.2805649,88.7507528
Chatmohar Upazila Health Complex,10001479,Rajshahi,Pabna,Chatmohar,DGHS,Upazila Health Complex,Hospital/Clinic,Upazila,24.2327452,89.2869509
Chowhali Upazila Health Complex,10001629,Rajshahi,Sirajganj,Chauhali,DGHS,Upazila Health Complex,Hospital/Clinic,Upazila,24.072394,89.7567693
Dhunat Upazila Health Complex,10001115,Rajshahi,Bogura,Dhunat,DGHS,Upazila Health Complex,Hospital/Clinic,Upazila,24.6916734,89.535905
Dhupchachia Upazila Health Complex,10001117,Rajshahi,Bogura,Dhupchanchia,DGHS,Upazila Health Complex,Hospital/Clinic,Upazila,24.8761591,89.1723974
Durgapur Upazila Health Complex,10000470,Rajshahi,Rajshahi,Durgapur,DGHS,Upazila Health Complex,Hospital/Clinic,Upazila,25.1282929,90.6786839
Faridpur Upazila Health Complex,10001481,Rajshahi,Pabna,Faridpur,DGHS,Upazila Health Complex,Hospital/Clinic,Upazila,24.1605862,89.4570565
Gabtali Upazila Health Complex,10001122,Rajshahi,Bogura,Gabtali,DGHS,Upazila Health Complex,Hospital/Clinic,Upazila,24.878177,89.4492502
Godagari Upazila Health Complex,10001539,Rajshahi,Rajshahi,Godagari,DGHS,Upazila Health Complex,Hospital/Clinic,Upazila,24.3969518,88.4107301
Gomastapur Upazila Health Complex,10001167,Rajshahi,Chapai Nawabganj,Gomastapur,DGHS,Upazila Health Complex,Hospital/Clinic,Upazila,24.8179161,88.3237791
Gurudashpur Upazila Health Complex,10001424,Rajshahi,Natore,Gurudaspur,DGHS,Upazila Health Complex,Hospital/Clinic,Upazila,24.3688168,89.2370634
Iswardi Upazila Health Complex,10001482,Rajshahi,Pabna,Ishwardi,DGHS,Upazila Health Complex,Hospital/Clinic,Upazila,24.1271941,89.0715208
Joypurhat District Hospital,10001298,Rajshahi,Joypurhat,Joypurhat Sadar,DGHS,District Hospital,Hospital/Clinic,District,25.0916036,89.0489814
Kahaloo Upazila Health Complex,10001128,Rajshahi,Bogura,Kahaloo,DGHS,Upazila Health Complex,Hospital/Clinic,Upazila,24.8319344,89.2693498
Kalai Upazila Health Complex,10001301,Rajshahi,Joypurhat,Kalai,DGHS,Upazila Health Complex,Hospital/Clinic,Upazila,25.0800353,89.19916119999999
Kamarkhanda Upazila Health Complex,10001630,Rajshahi,Sirajganj,Kamarkhanda,DGHS,Upazila Health Complex,Hospital/Clinic,Upazila,24.3931712,89.65340289999999
Kazipur Upazila Health Complex,10001633,Rajshahi,Sirajganj,Kazipur,DGHS,Upazila Health Complex,Hospital/Clinic,Upazila,24.6373105,89.6446204
Khetlal Upazila Health Complex,10001303,Rajshahi,Joypurhat,Khetlal,DGHS,Upazila Health Complex,Hospital/Clinic,Upazila,25.0381326,89.1246986
Lalpur Upazila Health Complex,10001426,Rajshahi,Natore,Lalpur,DGHS,Upazila Health Complex,Hospital/Clinic,Upazila,24.1772071,88.96203220000001
Manda Upazila Health Complex,10001382,Rajshahi,Naogaon,Manda,DGHS,Upazila Health Complex,Hospital/Clinic,Upazila,24.758601,88.71154729999999
Mohadevpur Upazila Health Complex,10001388,Rajshahi,Naogaon,Mahadebpur,DGHS,Upazila Health Complex,Hospital/Clinic,Upazila,24.9215972,88.7508778
Mohanpur Upazila Health Complex,10001543,Rajshahi,Rajshahi,Mohanpur,DGHS,Upazila Health Complex,Hospital/Clinic,Upazila,24.5549788,88.6473491
Nachol Upazila Health Complex,10001168,Rajshahi,Chapai Nawabganj,Nachole,DGHS,Upazila Health Complex,Hospital/Clinic,Upazila,24.7326602,88.4137279
Nandigram Upazila Health Complex,10001135,Rajshahi,Bogura,Nandigram,DGHS,Upazila Health Complex,Hospital/Clinic,Upazila,24.6476462,89.2438969
Naogaon District Hospital,10001394,Rajshahi,Naogaon,Naogaon Sadar,DGHS,District Hospital,Hospital/Clinic,District,24.8229713,88.9381339
Natore District Hospital,10001433,Rajshahi,Natore,Natore Sadar,DGHS,District Hospital,Hospital/Clinic,District,24.4098158,88.9836138
Niamatpur Upazila Health Complex,10001395,Rajshahi,Naogaon,Niamatpur,DGHS,Upazila Health Complex,Hospital/Clinic,Upazila,24.8298601,88.5747841
Paba Upazila Health Complex,10001547,Rajshahi,Rajshahi,Paba,DGHS,Upazila Health Complex,Hospital/Clinic,Upazila,24.443884,88.5547879
Panchbibi Upazila Health Complex,10001305,Rajshahi,Joypurhat,Panchbibi,DGHS,Upazila Health Complex,Hospital/Clinic,Upazila,25.1943459,89.0409292
Patnitala Upazila Health Complex,10001402,Rajshahi,Naogaon,Patnitala,DGHS,Upazila Health Complex,Hospital/Clinic,Upazila,25.0497551,88.755563
Porsha Upazila Health Complex,10001405,Rajshahi,Naogaon,Porsha,DGHS,Upazila Health Complex,Hospital/Clinic,Upazila,25.0227385,88.4554124
Puthia Upazila Health Complex,10001551,Rajshahi,Rajshahi,Puthia,DGHS,Upazila Health Complex,Hospital/Clinic,Upazila,24.3715361,88.83679
Raiganj Upazila Health Complex,10001636,Rajshahi,Sirajganj,Royganj,DGHS,Upazila Health Complex,Hospital/Clinic,Upazila,24.4997791,89.5308903
Rajshahi Medical College Hospital,10001560,Rajshahi,Rajshahi,Rajpara,DGHS,Medical College Hospital,Hospital/Clinic,Regional,24.372019,88.5864259
Raninagar Upazila Health Complex,10001412,Rajshahi,Naogaon,Raninagar,DGHS,Upazila Health Complex,Hospital/Clinic,Upazila,24.7422435,88.9602373
Santhia Upazila Health Complex,10001493,Rajshahi,Pabna,Santhia,DGHS,Upazila Health Complex,Hospital/Clinic,Upazila,24.0535687,89.54820740000001
Sapahar Upazila Health Complex,10001415,Rajshahi,Naogaon,Sapahar,DGHS,Upazila Health Complex,Hospital/Clinic,Upazila,25.1238569,88.58747919999999
Sariakandi Upazila Health Complex,10001140,Rajshahi,Bogura,Sariakandi,DGHS,Upazila Health Complex,Hospital/Clinic,Upazila,24.8936019,89.57363629999999
"Shaheed Ziaur Rahman Medical College Hospital, Bogra",10001111,Rajshahi,Bogura,Bogura Sadar,DGHS,Medical College Hospital,Hospital/Clinic,Regional,24.8279041,89.35293879999999
Shahzadpur Upazila Health Complex,10001656,Rajshahi,Sirajganj,Shahjadpur,DGHS,Upazila Health Complex,Hospital/Clinic,Upazila,24.1567056,89.5690892
Sherpur Upazila Health Complex,10001147,Rajshahi,Bogura,Sherpur,DGHS,Upazila Health Complex,Hospital/Clinic,Upazila,24.6659425,89.41576320000001
Shibganj Upazila Health Complex,10001156,Rajshahi,Bogura,Shibganj,DGHS,Upazila Health Complex,Hospital/Clinic,Upazila,25.0053701,89.3164683
Shibganj Upazila Health Complex,10002210,Rajshahi,Chapai Nawabganj,Shibganj,DGHS,Upazila Health Complex,Hospital/Clinic,Upazila,25.0053701,89.3164683
Singra Upazila Health Complex,10001438,Rajshahi,Natore,Singra,DGHS,Upazila Health Complex,Hospital/Clinic,Upazila,24.5135066,89.1463035
Sirajganj 250 Bed  Bongamata Sheikh Fazilatunnesa Mujib General Hospital,10001648,Rajshahi,Sirajganj,Sirajganj Sadar,DGHS,General Hospital (not district hospital),Hospital/Clinic,District,24.4584857,89.7111754
Sonatala Upazila Health Complex,10001159,Rajshahi,Bogura,Sonatola,DGHS,Upazila Health Complex,Hospital/Clinic,Upazila,25.0370877,89.4972226
Sujanagar Upazila Health Complex,10001495,Rajshahi,Pabna,Sujanagar,DGHS,Upazila Health Complex,Hospital/Clinic,Upazila,23.9387637,89.4094767
Tanore Upazila Health Complex,10001571,Rajshahi,Rajshahi,Tanore,DGHS,Upazila Health Complex,Hospital/Clinic,Upazila,24.575285,88.5751026
Tarash Upazila Health Complex,10001662,Rajshahi,Sirajganj,Tarash,DGHS,Upazila Health Complex,Hospital/Clinic,Upazila,24.4346473,89.3776149
Ullapara Upazila Health Complex,10001667,Rajshahi,Sirajganj,Ullahpara,DGHS,Upazila Health Complex,Hospital/Clinic,Upazila,24.3374458,89.5313268
Aditmari Upazila Health Complex,10001339,Rangpur,Lalmonirhat,Aditmari,DGHS,Upazila Health Complex,Hospital/Clinic,Upazila,25.9255186,89.3439373
Atwari Upazila Health Complex,10001500,Rangpur,Panchagarh,Atwari,DGHS,Upazila Health Complex,Hospital/Clinic,Upazila,26.2371141,88.4092577
Badarganj Upazila Health Complex,10001575,Rangpur,Rangpur,Badarganj,DGHS,Upazila Health Complex,Hospital/Clinic,Upazila,25.673455,89.0493125
Baliadangi Upazila Health Complex,10001671,Rangpur,Thakurgaon,Baliadangi,DGHS,Upazila Health Complex,Hospital/Clinic,Upazila,26.0967079,88.2763784
Bhurungamari Upazila Health Complex,10001308,Rangpur,Kurigram,Bhurungamari,DGHS,Upazila Health Complex,Hospital/Clinic,Upazila,26.119676,89.6648689
Birampur Upazila Health Complex,10001189,Rangpur,Dinajpur,Birampur,DGHS,Upazila Health Complex,Hospital/Clinic,Upazila,25.3952853,88.98730169999999
Birganj Upazila Health Complex,10001193,Rangpur,Dinajpur,Birganj,DGHS,Upazila Health Complex,Hospital/Clinic,Upazila,25.880177,88.6358944
Birol Upazila Health Complex,10001200,Rangpur,Dinajpur,Biral,DGHS,Upazila Health Complex,Hospital/Clinic,Upazila,25.636288,88.5539635
Bochaganj Upazila Health Complex,10001201,Rangpur,Dinajpur,Bochaganj,DGHS,Upazila Health Complex,Hospital/Clinic,Upazila,25.7999526,88.4665782
Boda Upazila Health Complex,10001502,Rangpur,Panchagarh,Boda,DGHS,Upazila Health Complex,Hospital/Clinic,Upazila,26.2026511,88.554039
Chilmari Upazila Health Complex,10001313,Rangpur,Kurigram,Chilmari,DGHS,Upazila Health Complex,Hospital/Clinic,Upazila,25.5812227,89.66001829999999
Chirirbandar Upazila Health Complex,10001203,Rangpur,Dinajpur,Chirirbandar,DGHS,Upazila Health Complex,Hospital/Clinic,Upazila,25.6506696,88.7725449
Debiganj Upazila Health Complex,10001506,Rangpur,Panchagarh,Debiganj,DGHS,Upazila Health Complex,Hospital/Clinic,Upazila,26.1163162,88.7557933
Dimla Upazila Health Complex. Nilphamari,10001442,Rangpur,Nilphamari,Dimla,DGHS,Upazila Health Complex,Hospital/Clinic,Upazila,26.1572451,88.92477269999999
Dinajpur 250 bed General Hospital,10001214,Rangpur,Dinajpur,Dinajpur Sadar,DGHS,200-250 bed Hospital (district hospital),Hospital/Clinic,District,25.6258212,88.63687589999999
Domar Upazila Health Complex,10001450,Rangpur,Nilphamari,Domar,DGHS,Upazila Health Complex,Hospital/Clinic,Upazila,26.1140528,88.85360229999999
Fulbari Upazila Health Complex,10002235,Rangpur,Kurigram,Phulbari,DGHS,Upazila Health Complex,Hospital/Clinic,Upazila,25.5015095,88.9487077
Fulbari Upazila Health Complex,10001220,Rangpur,Dinajpur,Fulbari,DGHS,Upazila Health Complex,Hospital/Clinic,Upazila,25.5015095,88.9487077
Fulchari Upazila Health Complex,10001244,Rangpur,Gaibandha,Fulchhari,DGHS,Upazila Health Complex,Hospital/Clinic,Upazila,25.2480253,89.57703889999999
Gaibandha District Hospital,10001254,Rangpur,Gaibandha,Gaibandha Sadar,DGHS,District Hospital,Hospital/Clinic,District,25.3259361,89.5493315
Gangachara Upazila Health Complex,10001579,Rangpur,Rangpur,Gangachara,DGHS,Upazila Health Complex,Hospital/Clinic,Upazila,25.8544999,89.2219824
Ghoraghat Upazila Health Complex,10001224,Rangpur,Dinajpur,Ghoraghat,DGHS,Upazila Health Complex,Hospital/Clinic,Upazila,25.256138,89.2399243
Gobindaganj Upazila Health Complex,10001265,Rangpur,Gaibandha,Gobindaganj,DGHS,Upazila Health Complex,Hospital/Clinic,Upazila,25.1425361,89.38607449999999
Hakimpur Upazila Health Complex,10001226,Rangpur,Dinajpur,Hakimpur,DGHS,Upazila Health Complex,Hospital/Clinic,Upazila,25.2860578,89.012652
Haripur Upazila Health Complex,10001673,Rangpur,Thakurgaon,Haripur,DGHS,Upazila Health Complex,Hospital/Clinic,Upazila,25.8336127,88.13245359999999
Hatibandha Upazila Health Complex,10001342,Rangpur,Lalmonirhat,Hatibandha,DGHS,Upazila Health Complex,Hospital/Clinic,Upazila,26.1217466,89.1411406
Jaldhaka Upazila Health Complex,10001455,Rangpur,Nilphamari,Jaldhaka,DGHS,Upazila Health Complex,Hospital/Clinic,Upazila,26.0233955,89.0058327
Kaharol Upazila Health Complex,10001227,Rangpur,Dinajpur,Kaharole,DGHS,Upazila Health Complex,Hospital/Clinic,Upazila,25.7934093,88.6069425
"Kaliganj Upazila Health Complex, Lalmonirhat.",10002207,Rangpur,Lalmonirhat,Kaliganj,DGHS,Upazila Health Complex,Hospital/Clinic,Upazila,25.9679222,89.2073321
Khansama Upazila Health Complex,10001230,Rangpur,Dinajpur,Khansama,DGHS,Upazila Health Complex,Hospital/Clinic,Upazila,25.8681559,88.7809582
Kishoreganj Upazila Health Complex,10001459,Rangpur,Nilphamari,Kishoreganj,DGHS,Upazila Health Complex,Hospital/Clinic,Upazila,25.8992894,89.0124063
Kownia Upazila Health Complex,10001580,Rangpur,Rangpur,Kaunia,DGHS,Upazila Health Complex,Hospital/Clinic,Upazila,25.7746905,89.42382339999999
Kurigram 250 bed District Hospital,10001317,Rangpur,Kurigram,Kurigram Sadar,DGHS,200-250 bed Hospital (district hospital),Hospital/Clinic,District,25.8072414,89.6294746
Lalmonirhat District Hospital,10001353,Rangpur,Lalmonirhat,Lalmonirhat Sadar,DGHS,District Hospital,Hospital/Clinic,District,25.9202287,89.45557660000001
M Abdur Rahim Medical College Hospital,10002288,Rangpur,Dinajpur,Dinajpur Sadar,DGHS,Medical College Hospital,Hospital/Clinic,Regional,25.611899,88.65397899999999
Mithapukur Upazila Health Complex,10001591,Rangpur,Rangpur,Mithapukur,DGHS,Upazila Health Complex,Hospital/Clinic,Upazila,25.5717691,89.27509549999999
Nageswari Upazila Health Complex,10001322,Rangpur,Kurigram,Nageshwari,DGHS,Upazila Health Complex,Hospital/Clinic,Upazila,25.9648811,89.6893056
Nawabganj Upazila Health Complex,10002232,Rangpur,Dinajpur,Nawabganj,DGHS,Upazila Health Complex,Hospital/Clinic,Upazila,23.6566436,90.1645685
Nilphamari District Hospital,10001464,Rangpur,Nilphamari,Nilphamari Sadar,DGHS,District Hospital,Hospital/Clinic,District,25.9490764,88.8358417
Palashbari Upazila Health Complex,10001272,Rangpur,Gaibandha,Palashbari,DGHS,Upazila Health Complex,Hospital/Clinic,Upazila,25.2871676,89.3675445
Panchagarh District Hospital,10001514,Rangpur,Panchagarh,Panchagarh Sadar,DGHS,District Hospital,Hospital/Clinic,District,26.3318393,88.5556768
Parbatipur Upazila Health Complex,10001238,Rangpur,Dinajpur,Parbatipur,DGHS,Upazila Health Complex,Hospital/Clinic,Upazila,25.6325889,88.91953269999999
Patgram Upazila Health Complex,10001355,Rangpur,Lalmonirhat,Patgram,DGHS,Upazila Health Complex,Hospital/Clinic,Upazila,26.3492592,89.01643949999999
Pirgacha Upazila Health Complex,10001594,Rangpur,Rangpur,Pirgachha,DGHS,Upazila Health Complex,Hospital/Clinic,Upazila,25.6562282,89.41125679999999
Pirganj Upazila Health Complex,10001603,Rangpur,Rangpur,Pirganj,DGHS,Upazila Health Complex,Hospital/Clinic,Upazila,25.4178819,89.3109818
Pirganj Upazila Health Complex,10002231,Rangpur,Thakurgaon,Pirganj,DGHS,Upazila Health Complex,Hospital/Clinic,Upazila,25.4178819,89.3109818
Rajarhat Upazila Health Complex,10001327,Rangpur,Kurigram,Rajarhat,DGHS,Upazila Health Complex,Hospital/Clinic,Upazila,25.8082105,89.54475099999999
Rajibpur Upazila Health Complex,10001330,Rangpur,Kurigram,Rajibpur,DGHS,Upazila Health Complex,Hospital/Clinic,Upazila,25.4443694,89.7909808
Rangpur Medical College Hospital,10001618,Rangpur,Rangpur,Rangpur Sadar,DGHS,Medical College Hospital,Hospital/Clinic,Regional,25.7670127,89.2315632
Ranisankhail Upazila Health Complex,10001678,Rangpur,Thakurgaon,Ranisankail,DGHS,Upazila Health Complex,Hospital/Clinic,Upazila,25.9010503,88.2541796
Rowmari Upazila Health Complex,10001333,Rangpur,Kurigram,Raumari,DGHS,Upazila Health Complex,Hospital/Clinic,Upazila,25.5718988,89.8325047
Sadullapur Upazila Health Complex,10001279,Rangpur,Gaibandha,Sadullapur,DGHS,Upazila Health Complex,Hospital/Clinic,Upazila,25.3892813,89.4684573
Saidpur Upazila Health Complex,10001470,Rangpur,Nilphamari,Saidpur,DGHS,Upazila Health Complex,Hospital/Clinic,Upazila,25.7836638,88.89539420000001
Sundarganj Upazila Health Complex,10001286,Rangpur,Gaibandha,Sundarganj,DGHS,Upazila Health Complex,Hospital/Clinic,Upazila,25.5647332,89.5193852
Taraganj Upazila Health Complex,10001622,Rangpur,Rangpur,Taraganj,DGHS,Upazila Health Complex,Hospital/Clinic,Upazila,25.8107123,89.0310069
Tetulia Upazila Health Complex,10001518,Rangpur,Panchagarh,Tentulia,DGHS,Upazila Health Complex,Hospital/Clinic,Upazila,26.5170069,88.4306955
Thakurgaon District Hospital,10001687,Rangpur,Thakurgaon,Thakurgaon Sadar,DGHS,District Hospital,Hospital/Clinic,District,26.0190812,88.4669352
Ulipur Upazila Health Complex,10001338,Rangpur,Kurigram,Ulipur,DGHS,Upazila Health Complex,Hospital/Clinic,Upazila,25.6565077,89.6243298
Ajmiriganj Upazila Health Complex,10002074,Sylhet,Habiganj,Ajmiriganj,DGHS,Upazila Health Complex,Hospital/Clinic,Upazila,24.5522744,91.2346678
Bahubal Upazila Health Complex,10002075,Sylhet,Habiganj,Bahubal,DGHS,Upazila Health Complex,Hospital/Clinic,Upazila,24.3391251,91.5381503
Balaganj Upazila Health Complex,10002164,Sylhet,Sylhet,Balaganj,DGHS,Upazila Health Complex,Hospital/Clinic,Upazila,24.6550741,91.83655759999999
Baniachong Upazila Health Complex,10002077,Sylhet,Habiganj,Baniachong,DGHS,Upazila Health Complex,Hospital/Clinic,Upazila,24.5043556,91.363973
Barlekha Upazila Health Complex,10002096,Sylhet,Maulvibazar,Barlekha,DGHS,Upazila Health Complex,Hospital/Clinic,Upazila,24.6937111,92.1849536
Beanibazar Upazila Health Complex,10002172,Sylhet,Sylhet,Beanibazar,DGHS,Upazila Health Complex,Hospital/Clinic,Upazila,24.8285578,92.16258470000001
Bishwanath Upazila Health Complex,10002177,Sylhet,Sylhet,Bishwanath,DGHS,Upazila Health Complex,Hospital/Clinic,Upazila,24.839986,91.7248377
Biswambarpur Upazila Health Complex,10002127,Sylhet,Sunamganj,Bishwambarpur,DGHS,Upazila Health Complex,Hospital/Clinic,Upazila,25.0987573,91.299939
Chhatak Upazila Health Complex,10002130,Sylhet,Sunamganj,Chhatak,DGHS,Upazila Health Complex,Hospital/Clinic,Upazila,25.0345323,91.6681278
"Chunarughat Upazila Health Complex, Hobigonj.",10002078,Sylhet,Habiganj,Chunarughat,DGHS,Upazila Health Complex,Hospital/Clinic,Upazila,24.1993876,91.51859309999999
Companiganj Upazila Health Complex,10002209,Sylhet,Sylhet,Companiganj,DGHS,Upazila Health Complex,Hospital/Clinic,Upazila,25.0855552,91.7566198
Dakhin Surma Upazila Health Complex,10002243,Sylhet,Sylhet,Dakshin Surma,DGHS,Upazila Health Complex,Hospital/Clinic,Upazila,24.8292266,91.9010356
Dakshin Sunamganj Upazila Health Complex,10002134,Sylhet,Sunamganj,Dakshin Sunamganj,DGHS,Upazila Health Complex,Hospital/Clinic,Upazila,25.0658556,91.4094135
Derai Upazila Health Complex,10002136,Sylhet,Sunamganj,Derai,DGHS,Upazila Health Complex,Hospital/Clinic,Upazila,24.8473266,91.2339315
Dharmapasha Upazila Health Complex,10002138,Sylhet,Sunamganj,Dharampasha,DGHS,Upazila Health Complex,Hospital/Clinic,Upazila,24.9034455,91.0056735
Doarabazar Upazila Health Complex,10002143,Sylhet,Sunamganj,Dowarabazar,DGHS,Upazila Health Complex,Hospital/Clinic,Upazila,25.0428276,91.567837
Fenchuganj Upazila Health Complex,10002181,Sylhet,Sylhet,Fenchuganj,DGHS,Upazila Health Complex,Hospital/Clinic,Upazila,24.6970174,91.93832689999999
Golapganj Upazila Health Complex,10002182,Sylhet,Sylhet,Golapganj,DGHS,Upazila Health Complex,Hospital/Clinic,Upazila,24.8321998,92.02894580000002
Gowainghat Upazila Health Complex,10002186,Sylhet,Sylhet,Gowainghat,DGHS,Upazila Health Complex,Hospital/Clinic,Upazila,25.0895214,91.9798191
"Habiganj District Hospital, Habiganj",10002071,Sylhet,Habiganj,Habiganj Sadar,DGHS,District Hospital,Hospital/Clinic,District,24.373323,91.41763999999999
Jagannathpur Upazila Health Complex,10002149,Sylhet,Sunamganj,Jagannathpur,DGHS,Upazila Health Complex,Hospital/Clinic,Upazila,24.7789419,91.5634596
Jaintapur Upazila Health Complex,10002188,Sylhet,Sylhet,Jaintiapur,DGHS,Upazila Health Complex,Hospital/Clinic,Upazila,25.136217,92.12638249999999
Jamalganj Upazila Health Complex,10002150,Sylhet,Sunamganj,Jamalganj,DGHS,Upazila Health Complex,Hospital/Clinic,Upazila,24.9983704,91.23606579999999
Juri Upazila Health Complex,10002097,Sylhet,Maulvibazar,Juri,DGHS,Upazila Health Complex,Hospital/Clinic,Upazila,24.6074066,92.1269468
Kamalganj Upazila Health Complex,10002101,Sylhet,Maulvibazar,Kamalganj,DGHS,Upazila Health Complex,Hospital/Clinic,Upazila,24.3661161,91.8554594
Kanaighat Upazila Health Complex,10002189,Sylhet,Sylhet,Kanaighat,DGHS,Upazila Health Complex,Hospital/Clinic,Upazila,25.0120631,92.2558595
Kulaura Upazila Health Complex,10002106,Sylhet,Maulvibazar,Kulaura,DGHS,Upazila Health Complex,Hospital/Clinic,Upazila,24.5280084,92.03864689999999
Lakhai Upazila Health Complex,10002085,Sylhet,Habiganj,Lakhai,DGHS,Upazila Health Complex,Hospital/Clinic,Upazila,24.2890528,91.25586229999999
Madhabpur Upazila Health Complex,10002088,Sylhet,Habiganj,Madhabpur,DGHS,Upazila Health Complex,Hospital/Clinic,Upazila,24.0972948,91.28759889999999
Moulvibazar 250 bed District Sadar Hospital,10002116,Sylhet,Maulvibazar,Maulvibazar Sadar,DGHS,200-250 bed Hospital (district hospital),Hospital/Clinic,Regional,24.4813033,91.76596169999999
Nabiganj Upazila Health Complex,10002094,Sylhet,Habiganj,Nabiganj,DGHS,Upazila Health Complex,Hospital/Clinic,Upazila,24.5634199,91.5142679
Rajnagar Upazila Health Complex,10002119,Sylhet,Maulvibazar,Rajnagar,DGHS,Upazila Health Complex,Hospital/Clinic,Upazila,24.5277064,91.85295149999999
Sreemangal Upazila Health Complex,10002125,Sylhet,Maulvibazar,Sreemangal,DGHS,Upazila Health Complex,Hospital/Clinic,Upazila,24.3008631,91.7371524
Sulla Upazila Health Complex,10002152,Sylhet,Sunamganj,Sulla,DGHS,Upazila Health Complex,Hospital/Clinic,Upazila,24.687275,91.1319264
Sunamganj 250 bed District Sadar Hospital,10002157,Sylhet,Sunamganj,Sunamganj Sadar,DGHS,200-250 bed Hospital (district hospital),Hospital/Clinic,District,25.0647035,91.4108072
Sylhet MAG Osmani Medical College Hospital,10002195,Sylhet,Sylhet,Sylhet Sadar,DGHS,Medical College Hospital,Hospital/Clinic,Regional,24.9015007,91.8539274
Sylhet Shahid Shamsuddin Ahmed District Hospital,10002196,Sylhet,Sylhet,Sylhet Sadar,DGHS,District Hospital,Hospital/Clinic,District,24.8991849,91.86724
Taherpur Upazila Health Complex,10002160,Sylhet,Sunamganj,Tahirpur,DGHS,Upazila Health Complex,Hospital/Clinic,Upazila,25.0990489,91.1755002
Zokiganj Upazila Health Complex,10002204,Sylhet,Sylhet,Zakiganj,DGHS,Upazila Health Complex,Hospital/Clinic,Upazila,24.8836812,92.3643505
