sim,division,org_lvl,org_name,org_code,district,upazila,wt,LAT,LON
1,Barishal,tertiary,Sher-e-bangla Medical College Hospital,10001978,Barishal,Barishal Sadar,3200.5782924821906,22.6863517,90.3614666
1,Chattogram,district,Chittagong 250 Bed General Hospital,10000753,Chattogram,Kotwali,16644.98833593163,22.3406339,91.8377319
1,Chattogram,district,Comilla General Hospital,10000864,Cumilla,Cumilla Adarsha Sadar,6859.412454737029,23.4499746,91.1782827
1,Chattogram,district,Brahmanbaria 250 Bed District Sadar Hospital,10000672,Brahmanbaria,Brahmanbaria Sadar,5220.6123174392615,23.9762236,91.11117180000001
1,Chattogram,district,Chandpur 250 Bed General Hospital,10000700,Chandpur,Chandpur Sadar,5055.745343636582,23.2231817,90.6530009
1,Chattogram,district,Lakshmipur District Hospital,10001001,Lakshmipur,Lakshmipur Sadar,3978.702273987404,22.9445334,90.98853679999999
1,Chattogram,subdistrict,Boalkhali Upazila Health Complex,10000740,Chattogram,Boalkhali,28855.117358040145,22.3744591,91.9192144
1,Chattogram,tertiary,Chittagong Medical College Hospital,10000756,Chattogram,Panchlaish,10281.520019072743,22.3592709,91.8308045
1,Dhaka,district,Narayanganj General (Victoria) Hospital,10000427,Narayanganj,Narayanganj Sadar,10935.780562318334,23.6084011,90.50326590000002
1,Dhaka,district,Munshiganj 250 bed District Hospital,10000328,Munshiganj,Munshiganj Sadar,4214.78851791509,23.4980931,90.41266209999999
1,Dhaka,subdistrict,Keraniganj Upazila Health Complex,10000074,Dhaka,Keraniganj,30951.55954302796,23.7064049,90.34714760000001
1,Dhaka,tertiary,Shaheed Suhrawardy Medical College Hospital,10000051,Dhaka,Sher-e-bangla Nagar,9998.562216723205,23.7692146,90.3713616
1,Khulna,district,"Khulna 250 Bed General Hospital, Khulna",10001805,Khulna,Khulna Sadar,5792.63061069867,22.8281662,89.5371409
1,Khulna,subdistrict,Rupsha Upazila Health Complex,10001826,Khulna,Rupsa,18832.48831275131,22.8223637,89.550115
1,Khulna,subdistrict,Dighalia Upazila Health Complex,10001797,Khulna,Dighalia,16794.97553268715,22.8730466,89.52459859999999
1,Khulna,subdistrict,Batiaghata Upazila Health Complex,10001792,Khulna,Batiaghata,10443.292464721482,22.7386876,89.51466429999999
1,Mymensingh,district,Jamalpur 250 Beded General Hospital,10000208,Jamalpur,Jamalpur Sadar,4729.794666432991,24.9407085,89.93395799999999
1,Mymensingh,district,Sherpur District Hospital,10000576,Sherpur,Sherpur Sadar,4201.368466258351,25.0182375,90.024633
1,Rajshahi,subdistrict,Paba Upazila Health Complex,10001547,Rajshahi,Paba,20471.04243112222,24.443884,88.5547879
1,Rajshahi,tertiary,Rajshahi Medical College Hospital,10001560,Rajshahi,Rajpara,6175.195984745211,24.372019,88.5864259
1,Rangpur,district,Gaibandha District Hospital,10001254,Gaibandha,Gaibandha Sadar,3989.9997741250577,25.3259361,89.5493315
1,Sylhet,district,Sylhet Shahid Shamsuddin Ahmed District Hospital,10002196,Sylhet,Sylhet Sadar,3958.217277171066,24.8991849,91.86724
2,Barishal,tertiary,Sher-e-bangla Medical College Hospital,10001978,Barishal,Barishal Sadar,3200.5782924821906,22.6863517,90.3614666
2,Chattogram,district,Chittagong 250 Bed General Hospital,10000753,Chattogram,Kotwali,16644.98833593163,22.3406339,91.8377319
2,Chattogram,district,Comilla General Hospital,10000864,Cumilla,Cumilla Adarsha Sadar,6859.412454737029,23.4499746,91.1782827
2,Chattogram,district,Brahmanbaria 250 Bed District Sadar Hospital,10000672,Brahmanbaria,Brahmanbaria Sadar,5220.6123174392615,23.9762236,91.11117180000001
2,Chattogram,district,Chandpur 250 Bed General Hospital,10000700,Chandpur,Chandpur Sadar,5055.745343636582,23.2231817,90.6530009
2,Chattogram,district,Lakshmipur District Hospital,10001001,Lakshmipur,Lakshmipur Sadar,3978.702273987404,22.9445334,90.98853679999999
2,Chattogram,subdistrict,Boalkhali Upazila Health Complex,10000740,Chattogram,Boalkhali,28855.117358040145,22.3744591,91.9192144
2,Chattogram,tertiary,Chittagong Medical College Hospital,10000756,Chattogram,Panchlaish,10281.520019072743,22.3592709,91.8308045
2,Dhaka,district,Narayanganj General (Victoria) Hospital,10000427,Narayanganj,Narayanganj Sadar,10935.780562318334,23.6084011,90.50326590000002
2,Dhaka,district,Munshiganj 250 bed District Hospital,10000328,Munshiganj,Munshiganj Sadar,4214.78851791509,23.4980931,90.41266209999999
2,Dhaka,subdistrict,Keraniganj Upazila Health Complex,10000074,Dhaka,Keraniganj,30951.55954302796,23.7064049,90.34714760000001
2,Dhaka,tertiary,Shaheed Suhrawardy Medical College Hospital,10000051,Dhaka,Sher-e-bangla Nagar,9998.562216723205,23.7692146,90.3713616
2,Dhaka,tertiary,Shaheed Ahsan Ullah Master General Hospital,10000129,Gazipur,Gazipur Sadar,9839.11142742932,23.8933902,90.4022109
2,Khulna,district,"Khulna 250 Bed General Hospital, Khulna",10001805,Khulna,Khulna Sadar,5792.63061069867,22.8281662,89.5371409
2,Khulna,district,Kushtia 250 bed General Hospital,10001862,Kushtia,Kushtia Sadar,3907.49971124352,23.9011989,89.12426409999999
2,Khulna,subdistrict,Rupsha Upazila Health Complex,10001826,Khulna,Rupsa,18832.48831275131,22.8223637,89.550115
2,Mymensingh,district,Jamalpur 250 Beded General Hospital,10000208,Jamalpur,Jamalpur Sadar,4729.794666432991,24.9407085,89.93395799999999
2,Mymensingh,subdistrict,Muktagacha Upazila Health Complex,10000387,Mymensingh,Muktagacha,6924.294584707346,24.7616698,90.270377
2,Rajshahi,subdistrict,Paba Upazila Health Complex,10001547,Rajshahi,Paba,20471.04243112222,24.443884,88.5547879
2,Rajshahi,subdistrict,Gabtali Upazila Health Complex,10001122,Bogura,Gabtali,8555.275279718506,24.878177,89.4492502
2,Rangpur,district,Gaibandha District Hospital,10001254,Gaibandha,Gaibandha Sadar,3989.9997741250577,25.3259361,89.5493315
2,Sylhet,district,Sylhet Shahid Shamsuddin Ahmed District Hospital,10002196,Sylhet,Sylhet Sadar,3958.217277171066,24.8991849,91.86724
3,Barishal,subdistrict,Daulatkhan Upazila Health Complex,10002008,Bhola,Daulatkhan,8781.998860499061,22.6051058,90.7458551
3,Chattogram,district,Chittagong 250 Bed General Hospital,10000753,Chattogram,Kotwali,16644.98833593163,22.3406339,91.8377319
3,Chattogram,district,Comilla General Hospital,10000864,Cumilla,Cumilla Adarsha Sadar,6859.412454737029,23.4499746,91.1782827
3,Chattogram,district,Brahmanbaria 250 Bed District Sadar Hospital,10000672,Brahmanbaria,Brahmanbaria Sadar,5220.6123174392615,23.9762236,91.11117180000001
3,Chattogram,district,Chandpur 250 Bed General Hospital,10000700,Chandpur,Chandpur Sadar,5055.745343636582,23.2231817,90.6530009
3,Chattogram,district,Lakshmipur District Hospital,10001001,Lakshmipur,Lakshmipur Sadar,3978.702273987404,22.9445334,90.98853679999999
3,Chattogram,subdistrict,Boalkhali Upazila Health Complex,10000740,Chattogram,Boalkhali,28855.117358040145,22.3744591,91.9192144
3,Chattogram,tertiary,Chittagong Medical College Hospital,10000756,Chattogram,Panchlaish,10281.520019072743,22.3592709,91.8308045
3,Dhaka,district,Narayanganj General (Victoria) Hospital,10000427,Narayanganj,Narayanganj Sadar,10935.780562318334,23.6084011,90.50326590000002
3,Dhaka,district,Munshiganj 250 bed District Hospital,10000328,Munshiganj,Munshiganj Sadar,4214.78851791509,23.4980931,90.41266209999999
3,Dhaka,district,Kishoreganj 250 Bed District Sadar Hospital,10000243,Kishoreganj,Kishoreganj Sadar,3935.7824755399824,24.4331227,90.7865655
3,Dhaka,subdistrict,Keraniganj Upazila Health Complex,10000074,Dhaka,Keraniganj,30951.55954302796,23.7064049,90.34714760000001
3,Khulna,district,"Khulna 250 Bed General Hospital, Khulna",10001805,Khulna,Khulna Sadar,5792.63061069867,22.8281662,89.5371409
3,Khulna,subdistrict,Rupsha Upazila Health Complex,10001826,Khulna,Rupsa,18832.48831275131,22.8223637,89.550115
3,Khulna,subdistrict,Dighalia Upazila Health Complex,10001797,Khulna,Dighalia,16794.97553268715,22.8730466,89.52459859999999
3,Khulna,tertiary,Khulna Medical College Hospital,10001807,Khulna,Sonadanga,4213.501891082341,22.8281662,89.5371409
3,Mymensingh,district,Jamalpur 250 Beded General Hospital,10000208,Jamalpur,Jamalpur Sadar,4729.794666432991,24.9407085,89.93395799999999
3,Mymensingh,district,Sherpur District Hospital,10000576,Sherpur,Sherpur Sadar,4201.368466258351,25.0182375,90.024633
3,Rajshahi,subdistrict,Paba Upazila Health Complex,10001547,Rajshahi,Paba,20471.04243112222,24.443884,88.5547879
3,Rajshahi,tertiary,Rajshahi Medical College Hospital,10001560,Rajshahi,Rajpara,6175.195984745211,24.372019,88.5864259
3,Rangpur,tertiary,Rangpur Medical College Hospital,10001618,Rangpur,Rangpur Sadar,3317.66326101393,25.7670127,89.2315632
3,Sylhet,district,Sylhet Shahid Shamsuddin Ahmed District Hospital,10002196,Sylhet,Sylhet Sadar,3958.217277171066,24.8991849,91.86724
4,Barishal,district,Bhola District Hospital,10002002,Bhola,Bhola Sadar,3797.556588389388,22.6757402,90.6557361
4,Chattogram,district,Chittagong 250 Bed General Hospital,10000753,Chattogram,Kotwali,16644.98833593163,22.3406339,91.8377319
4,Chattogram,district,Comilla General Hospital,10000864,Cumilla,Cumilla Adarsha Sadar,6859.412454737029,23.4499746,91.1782827
4,Chattogram,district,Brahmanbaria 250 Bed District Sadar Hospital,10000672,Brahmanbaria,Brahmanbaria Sadar,5220.6123174392615,23.9762236,91.11117180000001
4,Chattogram,district,Chandpur 250 Bed General Hospital,10000700,Chandpur,Chandpur Sadar,5055.745343636582,23.2231817,90.6530009
4,Chattogram,district,Lakshmipur District Hospital,10001001,Lakshmipur,Lakshmipur Sadar,3978.702273987404,22.9445334,90.98853679999999
4,Chattogram,subdistrict,Boalkhali Upazila Health Complex,10000740,Chattogram,Boalkhali,28855.117358040145,22.3744591,91.9192144
4,Chattogram,tertiary,Chittagong Medical College Hospital,10000756,Chattogram,Panchlaish,10281.520019072743,22.3592709,91.8308045
4,Dhaka,district,Narayanganj General (Victoria) Hospital,10000427,Narayanganj,Narayanganj Sadar,10935.780562318334,23.6084011,90.50326590000002
4,Dhaka,district,Munshiganj 250 bed District Hospital,10000328,Munshiganj,Munshiganj Sadar,4214.78851791509,23.4980931,90.41266209999999
4,Dhaka,subdistrict,Keraniganj Upazila Health Complex,10000074,Dhaka,Keraniganj,30951.55954302796,23.7064049,90.34714760000001
4,Dhaka,tertiary,Shaheed Suhrawardy Medical College Hospital,10000051,Dhaka,Sher-e-bangla Nagar,9998.562216723205,23.7692146,90.3713616
4,Khulna,district,"Khulna 250 Bed General Hospital, Khulna",10001805,Khulna,Khulna Sadar,5792.63061069867,22.8281662,89.5371409
4,Khulna,subdistrict,Rupsha Upazila Health Complex,10001826,Khulna,Rupsa,18832.48831275131,22.8223637,89.550115
4,Khulna,tertiary,Khulna Medical College Hospital,10001807,Khulna,Sonadanga,4213.501891082341,22.8281662,89.5371409
4,Mymensingh,district,Jamalpur 250 Beded General Hospital,10000208,Jamalpur,Jamalpur Sadar,4729.794666432991,24.9407085,89.93395799999999
4,Mymensingh,district,Sherpur District Hospital,10000576,Sherpur,Sherpur Sadar,4201.368466258351,25.0182375,90.024633
4,Mymensingh,district,Netrokona District Hospital,10000496,Netrakona,Netrokona Sadar,3254.6288650608813,24.8715569,90.7320982
4,Rajshahi,subdistrict,Paba Upazila Health Complex,10001547,Rajshahi,Paba,20471.04243112222,24.443884,88.5547879
4,Rajshahi,subdistrict,Gabtali Upazila Health Complex,10001122,Bogura,Gabtali,8555.275279718506,24.878177,89.4492502
4,Rangpur,tertiary,Rangpur Medical College Hospital,10001618,Rangpur,Rangpur Sadar,3317.66326101393,25.7670127,89.2315632
4,Sylhet,subdistrict,Dakhin Surma Upazila Health Complex,10002243,Sylhet,Dakshin Surma,5775.976435122469,24.8292266,91.9010356
5,Barishal,district,Bhola District Hospital,10002002,Bhola,Bhola Sadar,3797.556588389388,22.6757402,90.6557361
5,Chattogram,district,Chittagong 250 Bed General Hospital,10000753,Chattogram,Kotwali,16644.98833593163,22.3406339,91.8377319
5,Chattogram,district,Comilla General Hospital,10000864,Cumilla,Cumilla Adarsha Sadar,6859.412454737029,23.4499746,91.1782827
5,Chattogram,district,Brahmanbaria 250 Bed District Sadar Hospital,10000672,Brahmanbaria,Brahmanbaria Sadar,5220.6123174392615,23.9762236,91.11117180000001
5,Chattogram,district,Chandpur 250 Bed General Hospital,10000700,Chandpur,Chandpur Sadar,5055.745343636582,23.2231817,90.6530009
5,Chattogram,subdistrict,Boalkhali Upazila Health Complex,10000740,Chattogram,Boalkhali,28855.117358040145,22.3744591,91.9192144
5,Chattogram,tertiary,Chittagong Medical College Hospital,10000756,Chattogram,Panchlaish,10281.520019072743,22.3592709,91.8308045
5,Chattogram,tertiary,Cumilla Medical College Hospital,10000867,Cumilla,Cumilla Adarsha Sadar,5891.376137624168,23.4515415,91.2029603
5,Dhaka,district,Narayanganj General (Victoria) Hospital,10000427,Narayanganj,Narayanganj Sadar,10935.780562318334,23.6084011,90.50326590000002
5,Dhaka,district,Munshiganj 250 bed District Hospital,10000328,Munshiganj,Munshiganj Sadar,4214.78851791509,23.4980931,90.41266209999999
5,Dhaka,district,Kishoreganj 250 Bed District Sadar Hospital,10000243,Kishoreganj,Kishoreganj Sadar,3935.7824755399824,24.4331227,90.7865655
5,Dhaka,subdistrict,Keraniganj Upazila Health Complex,10000074,Dhaka,Keraniganj,30951.55954302796,23.7064049,90.34714760000001
5,Dhaka,tertiary,Shaheed Suhrawardy Medical College Hospital,10000051,Dhaka,Sher-e-bangla Nagar,9998.562216723205,23.7692146,90.3713616
5,Khulna,district,"Khulna 250 Bed General Hospital, Khulna",10001805,Khulna,Khulna Sadar,5792.63061069867,22.8281662,89.5371409
5,Khulna,district,Kushtia 250 bed General Hospital,10001862,Kushtia,Kushtia Sadar,3907.49971124352,23.9011989,89.12426409999999
5,Khulna,subdistrict,Rupsha Upazila Health Complex,10001826,Khulna,Rupsa,18832.48831275131,22.8223637,89.550115
5,Mymensingh,district,Jamalpur 250 Beded General Hospital,10000208,Jamalpur,Jamalpur Sadar,4729.794666432991,24.9407085,89.93395799999999
5,Mymensingh,subdistrict,Muktagacha Upazila Health Complex,10000387,Mymensingh,Muktagacha,6924.294584707346,24.7616698,90.270377
5,Rajshahi,subdistrict,Paba Upazila Health Complex,10001547,Rajshahi,Paba,20471.04243112222,24.443884,88.5547879
5,Rajshahi,subdistrict,Gabtali Upazila Health Complex,10001122,Bogura,Gabtali,8555.275279718506,24.878177,89.4492502
5,Rangpur,tertiary,Rangpur Medical College Hospital,10001618,Rangpur,Rangpur Sadar,3317.66326101393,25.7670127,89.2315632
5,Sylhet,district,Sylhet Shahid Shamsuddin Ahmed District Hospital,10002196,Sylhet,Sylhet Sadar,3958.217277171066,24.8991849,91.86724
6,Barishal,district,Bhola District Hospital,10002002,Bhola,Bhola Sadar,3797.556588389388,22.6757402,90.6557361
6,Chattogram,district,Chittagong 250 Bed General Hospital,10000753,Chattogram,Kotwali,16644.98833593163,22.3406339,91.8377319
6,Chattogram,district,Comilla General Hospital,10000864,Cumilla,Cumilla Adarsha Sadar,6859.412454737029,23.4499746,91.1782827
6,Chattogram,district,Brahmanbaria 250 Bed District Sadar Hospital,10000672,Brahmanbaria,Brahmanbaria Sadar,5220.6123174392615,23.9762236,91.11117180000001
6,Chattogram,district,Chandpur 250 Bed General Hospital,10000700,Chandpur,Chandpur Sadar,5055.745343636582,23.2231817,90.6530009
6,Chattogram,district,Lakshmipur District Hospital,10001001,Lakshmipur,Lakshmipur Sadar,3978.702273987404,22.9445334,90.98853679999999
6,Chattogram,subdistrict,Boalkhali Upazila Health Complex,10000740,Chattogram,Boalkhali,28855.117358040145,22.3744591,91.9192144
6,Chattogram,tertiary,Chittagong Medical College Hospital,10000756,Chattogram,Panchlaish,10281.520019072743,22.3592709,91.8308045
6,Dhaka,district,Narayanganj General (Victoria) Hospital,10000427,Narayanganj,Narayanganj Sadar,10935.780562318334,23.6084011,90.50326590000002
6,Dhaka,subdistrict,Keraniganj Upazila Health Complex,10000074,Dhaka,Keraniganj,30951.55954302796,23.7064049,90.34714760000001
6,Dhaka,subdistrict,Bandar Upazila Health Complex,10000420,Narayanganj,Bandar,10744.822350434879,23.6290652,90.52533919999999
6,Dhaka,tertiary,Shaheed Suhrawardy Medical College Hospital,10000051,Dhaka,Sher-e-bangla Nagar,9998.562216723205,23.7692146,90.3713616
6,Dhaka,tertiary,Shaheed Ahsan Ullah Master General Hospital,10000129,Gazipur,Gazipur Sadar,9839.11142742932,23.8933902,90.4022109
6,Khulna,district,"Khulna 250 Bed General Hospital, Khulna",10001805,Khulna,Khulna Sadar,5792.63061069867,22.8281662,89.5371409
6,Khulna,district,Kushtia 250 bed General Hospital,10001862,Kushtia,Kushtia Sadar,3907.49971124352,23.9011989,89.12426409999999
6,Khulna,subdistrict,Rupsha Upazila Health Complex,10001826,Khulna,Rupsa,18832.48831275131,22.8223637,89.550115
6,Mymensingh,district,Jamalpur 250 Beded General Hospital,10000208,Jamalpur,Jamalpur Sadar,4729.794666432991,24.9407085,89.93395799999999
6,Mymensingh,subdistrict,Muktagacha Upazila Health Complex,10000387,Mymensingh,Muktagacha,6924.294584707346,24.7616698,90.270377
6,Rajshahi,district,Sirajganj 250 Bed  Bongamata Sheikh Fazilatunnesa Mujib General Hospital,10001648,Sirajganj,Sirajganj Sadar,4000.8009845703573,24.4584857,89.7111754
6,Rajshahi,subdistrict,Paba Upazila Health Complex,10001547,Rajshahi,Paba,20471.04243112222,24.443884,88.5547879
6,Rangpur,district,Gaibandha District Hospital,10001254,Gaibandha,Gaibandha Sadar,3989.9997741250577,25.3259361,89.5493315
6,Sylhet,tertiary,Sylhet MAG Osmani Medical College Hospital,10002195,Sylhet,Sylhet Sadar,3229.1865184177473,24.9015007,91.8539274
7,Barishal,tertiary,Sher-e-bangla Medical College Hospital,10001978,Barishal,Barishal Sadar,3200.5782924821906,22.6863517,90.3614666
7,Chattogram,district,Chittagong 250 Bed General Hospital,10000753,Chattogram,Kotwali,16644.98833593163,22.3406339,91.8377319
7,Chattogram,district,Comilla General Hospital,10000864,Cumilla,Cumilla Adarsha Sadar,6859.412454737029,23.4499746,91.1782827
7,Chattogram,district,Brahmanbaria 250 Bed District Sadar Hospital,10000672,Brahmanbaria,Brahmanbaria Sadar,5220.6123174392615,23.9762236,91.11117180000001
7,Chattogram,district,Chandpur 250 Bed General Hospital,10000700,Chandpur,Chandpur Sadar,5055.745343636582,23.2231817,90.6530009
7,Chattogram,district,Lakshmipur District Hospital,10001001,Lakshmipur,Lakshmipur Sadar,3978.702273987404,22.9445334,90.98853679999999
7,Chattogram,subdistrict,Boalkhali Upazila Health Complex,10000740,Chattogram,Boalkhali,28855.117358040145,22.3744591,91.9192144
7,Dhaka,district,Narayanganj General (Victoria) Hospital,10000427,Narayanganj,Narayanganj Sadar,10935.780562318334,23.6084011,90.50326590000002
7,Dhaka,district,Munshiganj 250 bed District Hospital,10000328,Munshiganj,Munshiganj Sadar,4214.78851791509,23.4980931,90.41266209999999
7,Dhaka,subdistrict,Keraniganj Upazila Health Complex,10000074,Dhaka,Keraniganj,30951.55954302796,23.7064049,90.34714760000001
7,Dhaka,tertiary,Shaheed Suhrawardy Medical College Hospital,10000051,Dhaka,Sher-e-bangla Nagar,9998.562216723205,23.7692146,90.3713616
7,Khulna,district,"Khulna 250 Bed General Hospital, Khulna",10001805,Khulna,Khulna Sadar,5792.63061069867,22.8281662,89.5371409
7,Khulna,tertiary,Khulna Medical College Hospital,10001807,Khulna,Sonadanga,4213.501891082341,22.8281662,89.5371409
7,Mymensingh,district,Jamalpur 250 Beded General Hospital,10000208,Jamalpur,Jamalpur Sadar,4729.794666432991,24.9407085,89.93395799999999
7,Mymensingh,district,Sherpur District Hospital,10000576,Sherpur,Sherpur Sadar,4201.368466258351,25.0182375,90.024633
7,Mymensingh,tertiary,Mymensingh Medical College Hospital,10000397,Mymensingh,Mymensingh Sadar,4622.896111804688,24.7415322,90.4089228
7,Rajshahi,district,Sirajganj 250 Bed  Bongamata Sheikh Fazilatunnesa Mujib General Hospital,10001648,Sirajganj,Sirajganj Sadar,4000.8009845703573,24.4584857,89.7111754
7,Rajshahi,subdistrict,Paba Upazila Health Complex,10001547,Rajshahi,Paba,20471.04243112222,24.443884,88.5547879
7,Rajshahi,subdistrict,Gabtali Upazila Health Complex,10001122,Bogura,Gabtali,8555.275279718506,24.878177,89.4492502
7,Rangpur,district,Gaibandha District Hospital,10001254,Gaibandha,Gaibandha Sadar,3989.9997741250577,25.3259361,89.5493315
7,Rangpur,subdistrict,Sadullapur Upazila Health Complex,10001279,Gaibandha,Sadullapur,5239.251469928573,25.3892813,89.4684573
7,Sylhet,subdistrict,Dakhin Surma Upazila Health Complex,10002243,Sylhet,Dakshin Surma,5775.976435122469,24.8292266,91.9010356
8,Barishal,district,Bhola District Hospital,10002002,Bhola,Bhola Sadar,3797.556588389388,22.6757402,90.6557361
8,Chattogram,district,Chittagong 250 Bed General Hospital,10000753,Chattogram,Kotwali,16644.98833593163,22.3406339,91.8377319
8,Chattogram,district,Comilla General Hospital,10000864,Cumilla,Cumilla Adarsha Sadar,6859.412454737029,23.4499746,91.1782827
8,Chattogram,district,Brahmanbaria 250 Bed District Sadar Hospital,10000672,Brahmanbaria,Brahmanbaria Sadar,5220.6123174392615,23.9762236,91.11117180000001
8,Chattogram,district,Chandpur 250 Bed General Hospital,10000700,Chandpur,Chandpur Sadar,5055.745343636582,23.2231817,90.6530009
8,Chattogram,district,Lakshmipur District Hospital,10001001,Lakshmipur,Lakshmipur Sadar,3978.702273987404,22.9445334,90.98853679999999
8,Chattogram,subdistrict,Boalkhali Upazila Health Complex,10000740,Chattogram,Boalkhali,28855.117358040145,22.3744591,91.9192144
8,Chattogram,tertiary,Chittagong Medical College Hospital,10000756,Chattogram,Panchlaish,10281.520019072743,22.3592709,91.8308045
8,Dhaka,district,Narayanganj General (Victoria) Hospital,10000427,Narayanganj,Narayanganj Sadar,10935.780562318334,23.6084011,90.50326590000002
8,Dhaka,district,Munshiganj 250 bed District Hospital,10000328,Munshiganj,Munshiganj Sadar,4214.78851791509,23.4980931,90.41266209999999
8,Dhaka,subdistrict,Keraniganj Upazila Health Complex,10000074,Dhaka,Keraniganj,30951.55954302796,23.7064049,90.34714760000001
8,Dhaka,tertiary,Shaheed Suhrawardy Medical College Hospital,10000051,Dhaka,Sher-e-bangla Nagar,9998.562216723205,23.7692146,90.3713616
8,Dhaka,tertiary,Shaheed Ahsan Ullah Master General Hospital,10000129,Gazipur,Gazipur Sadar,9839.11142742932,23.8933902,90.4022109
8,Dhaka,tertiary,Dhaka Medical College Hospital,10000033,Dhaka,Shahbagh,9576.63105197393,23.7256553,90.3970882
8,Khulna,district,"Khulna 250 Bed General Hospital, Khulna",10001805,Khulna,Khulna Sadar,5792.63061069867,22.8281662,89.5371409
8,Khulna,district,Kushtia 250 bed General Hospital,10001862,Kushtia,Kushtia Sadar,3907.49971124352,23.9011989,89.12426409999999
8,Khulna,subdistrict,Rupsha Upazila Health Complex,10001826,Khulna,Rupsa,18832.48831275131,22.8223637,89.550115
8,Mymensingh,subdistrict,Muktagacha Upazila Health Complex,10000387,Mymensingh,Muktagacha,6924.294584707346,24.7616698,90.270377
8,Rajshahi,subdistrict,Paba Upazila Health Complex,10001547,Rajshahi,Paba,20471.04243112222,24.443884,88.5547879
8,Rajshahi,subdistrict,Gabtali Upazila Health Complex,10001122,Bogura,Gabtali,8555.275279718506,24.878177,89.4492502
8,Rangpur,district,Gaibandha District Hospital,10001254,Gaibandha,Gaibandha Sadar,3989.9997741250577,25.3259361,89.5493315
8,Sylhet,district,Sylhet Shahid Shamsuddin Ahmed District Hospital,10002196,Sylhet,Sylhet Sadar,3958.217277171066,24.8991849,91.86724
9,Barishal,district,Bhola District Hospital,10002002,Bhola,Bhola Sadar,3797.556588389388,22.6757402,90.6557361
9,Chattogram,district,Chittagong 250 Bed General Hospital,10000753,Chattogram,Kotwali,16644.98833593163,22.3406339,91.8377319
9,Chattogram,district,Comilla General Hospital,10000864,Cumilla,Cumilla Adarsha Sadar,6859.412454737029,23.4499746,91.1782827
9,Chattogram,district,Brahmanbaria 250 Bed District Sadar Hospital,10000672,Brahmanbaria,Brahmanbaria Sadar,5220.6123174392615,23.9762236,91.11117180000001
9,Chattogram,district,Chandpur 250 Bed General Hospital,10000700,Chandpur,Chandpur Sadar,5055.745343636582,23.2231817,90.6530009
9,Chattogram,subdistrict,Boalkhali Upazila Health Complex,10000740,Chattogram,Boalkhali,28855.117358040145,22.3744591,91.9192144
9,Chattogram,subdistrict,Patiya Upazila Health Complex,10000802,Chattogram,Patiya,12272.205219391015,22.2997122,91.970264
9,Chattogram,tertiary,Chittagong Medical College Hospital,10000756,Chattogram,Panchlaish,10281.520019072743,22.3592709,91.8308045
9,Dhaka,district,Narayanganj General (Victoria) Hospital,10000427,Narayanganj,Narayanganj Sadar,10935.780562318334,23.6084011,90.50326590000002
9,Dhaka,district,Munshiganj 250 bed District Hospital,10000328,Munshiganj,Munshiganj Sadar,4214.78851791509,23.4980931,90.41266209999999
9,Dhaka,district,Kishoreganj 250 Bed District Sadar Hospital,10000243,Kishoreganj,Kishoreganj Sadar,3935.7824755399824,24.4331227,90.7865655
9,Dhaka,subdistrict,Keraniganj Upazila Health Complex,10000074,Dhaka,Keraniganj,30951.55954302796,23.7064049,90.34714760000001
9,Dhaka,tertiary,Shaheed Suhrawardy Medical College Hospital,10000051,Dhaka,Sher-e-bangla Nagar,9998.562216723205,23.7692146,90.3713616
9,Khulna,district,"Khulna 250 Bed General Hospital, Khulna",10001805,Khulna,Khulna Sadar,5792.63061069867,22.8281662,89.5371409
9,Khulna,subdistrict,Rupsha Upazila Health Complex,10001826,Khulna,Rupsa,18832.48831275131,22.8223637,89.550115
9,Mymensingh,district,Jamalpur 250 Beded General Hospital,10000208,Jamalpur,Jamalpur Sadar,4729.794666432991,24.9407085,89.93395799999999
9,Mymensingh,district,Sherpur District Hospital,10000576,Sherpur,Sherpur Sadar,4201.368466258351,25.0182375,90.024633
9,Mymensingh,subdistrict,Muktagacha Upazila Health Complex,10000387,Mymensingh,Muktagacha,6924.294584707346,24.7616698,90.270377
9,Rajshahi,district,Sirajganj 250 Bed  Bongamata Sheikh Fazilatunnesa Mujib General Hospital,10001648,Sirajganj,Sirajganj Sadar,4000.8009845703573,24.4584857,89.7111754
9,Rajshahi,subdistrict,Paba Upazila Health Complex,10001547,Rajshahi,Paba,20471.04243112222,24.443884,88.5547879
9,Rangpur,tertiary,Rangpur Medical College Hospital,10001618,Rangpur,Rangpur Sadar,3317.66326101393,25.7670127,89.2315632
9,Sylhet,tertiary,Sylhet MAG Osmani Medical College Hospital,10002195,Sylhet,Sylhet Sadar,3229.1865184177473,24.9015007,91.8539274
10,Barishal,district,Bhola District Hospital,10002002,Bhola,Bhola Sadar,3797.556588389388,22.6757402,90.6557361
10,Chattogram,district,Chittagong 250 Bed General Hospital,10000753,Chattogram,Kotwali,16644.98833593163,22.3406339,91.8377319
10,Chattogram,district,Comilla General Hospital,10000864,Cumilla,Cumilla Adarsha Sadar,6859.412454737029,23.4499746,91.1782827
10,Chattogram,district,Brahmanbaria 250 Bed District Sadar Hospital,10000672,Brahmanbaria,Brahmanbaria Sadar,5220.6123174392615,23.9762236,91.11117180000001
10,Chattogram,district,Chandpur 250 Bed General Hospital,10000700,Chandpur,Chandpur Sadar,5055.745343636582,23.2231817,90.6530009
10,Chattogram,subdistrict,Boalkhali Upazila Health Complex,10000740,Chattogram,Boalkhali,28855.117358040145,22.3744591,91.9192144
10,Chattogram,subdistrict,Patiya Upazila Health Complex,10000802,Chattogram,Patiya,12272.205219391015,22.2997122,91.970264
10,Chattogram,tertiary,Chittagong Medical College Hospital,10000756,Chattogram,Panchlaish,10281.520019072743,22.3592709,91.8308045
10,Dhaka,district,Narayanganj General (Victoria) Hospital,10000427,Narayanganj,Narayanganj Sadar,10935.780562318334,23.6084011,90.50326590000002
10,Dhaka,district,Munshiganj 250 bed District Hospital,10000328,Munshiganj,Munshiganj Sadar,4214.78851791509,23.4980931,90.41266209999999
10,Dhaka,subdistrict,Keraniganj Upazila Health Complex,10000074,Dhaka,Keraniganj,30951.55954302796,23.7064049,90.34714760000001
10,Dhaka,tertiary,Shaheed Suhrawardy Medical College Hospital,10000051,Dhaka,Sher-e-bangla Nagar,9998.562216723205,23.7692146,90.3713616
10,Dhaka,tertiary,Shaheed Ahsan Ullah Master General Hospital,10000129,Gazipur,Gazipur Sadar,9839.11142742932,23.8933902,90.4022109
10,Khulna,district,"Khulna 250 Bed General Hospital, Khulna",10001805,Khulna,Khulna Sadar,5792.63061069867,22.8281662,89.5371409
10,Khulna,subdistrict,Rupsha Upazila Health Complex,10001826,Khulna,Rupsa,18832.48831275131,22.8223637,89.550115
10,Khulna,subdistrict,Dighalia Upazila Health Complex,10001797,Khulna,Dighalia,16794.97553268715,22.8730466,89.52459859999999
10,Mymensingh,district,Jamalpur 250 Beded General Hospital,10000208,Jamalpur,Jamalpur Sadar,4729.794666432991,24.9407085,89.93395799999999
10,Mymensingh,district,Sherpur District Hospital,10000576,Sherpur,Sherpur Sadar,4201.368466258351,25.0182375,90.024633
10,Rajshahi,subdistrict,Paba Upazila Health Complex,10001547,Rajshahi,Paba,20471.04243112222,24.443884,88.5547879
10,Rajshahi,tertiary,Rajshahi Medical College Hospital,10001560,Rajshahi,Rajpara,6175.195984745211,24.372019,88.5864259
10,Rangpur,district,Gaibandha District Hospital,10001254,Gaibandha,Gaibandha Sadar,3989.9997741250577,25.3259361,89.5493315
10,Sylhet,district,Sylhet Shahid Shamsuddin Ahmed District Hospital,10002196,Sylhet,Sylhet Sadar,3958.217277171066,24.8991849,91.86724
11,Barishal,district,Bhola District Hospital,10002002,Bhola,Bhola Sadar,3797.556588389388,22.6757402,90.6557361
11,Chattogram,district,Chittagong 250 Bed General Hospital,10000753,Chattogram,Kotwali,16644.98833593163,22.3406339,91.8377319
11,Chattogram,district,Comilla General Hospital,10000864,Cumilla,Cumilla Adarsha Sadar,6859.412454737029,23.4499746,91.1782827
11,Chattogram,district,Brahmanbaria 250 Bed District Sadar Hospital,10000672,Brahmanbaria,Brahmanbaria Sadar,5220.6123174392615,23.9762236,91.11117180000001
11,Chattogram,district,Chandpur 250 Bed General Hospital,10000700,Chandpur,Chandpur Sadar,5055.745343636582,23.2231817,90.6530009
11,Chattogram,district,Lakshmipur District Hospital,10001001,Lakshmipur,Lakshmipur Sadar,3978.702273987404,22.9445334,90.98853679999999
11,Chattogram,subdistrict,Boalkhali Upazila Health Complex,10000740,Chattogram,Boalkhali,28855.117358040145,22.3744591,91.9192144
11,Chattogram,tertiary,Chittagong Medical College Hospital,10000756,Chattogram,Panchlaish,10281.520019072743,22.3592709,91.8308045
11,Dhaka,district,Narayanganj General (Victoria) Hospital,10000427,Narayanganj,Narayanganj Sadar,10935.780562318334,23.6084011,90.50326590000002
11,Dhaka,subdistrict,Keraniganj Upazila Health Complex,10000074,Dhaka,Keraniganj,30951.55954302796,23.7064049,90.34714760000001
11,Dhaka,tertiary,Shaheed Suhrawardy Medical College Hospital,10000051,Dhaka,Sher-e-bangla Nagar,9998.562216723205,23.7692146,90.3713616
11,Dhaka,tertiary,Shaheed Ahsan Ullah Master General Hospital,10000129,Gazipur,Gazipur Sadar,9839.11142742932,23.8933902,90.4022109
11,Dhaka,tertiary,Dhaka Medical College Hospital,10000033,Dhaka,Shahbagh,9576.63105197393,23.7256553,90.3970882
11,Khulna,district,"Khulna 250 Bed General Hospital, Khulna",10001805,Khulna,Khulna Sadar,5792.63061069867,22.8281662,89.5371409
11,Khulna,subdistrict,Rupsha Upazila Health Complex,10001826,Khulna,Rupsa,18832.48831275131,22.8223637,89.550115
11,Khulna,subdistrict,Dighalia Upazila Health Complex,10001797,Khulna,Dighalia,16794.97553268715,22.8730466,89.52459859999999
11,Mymensingh,district,Jamalpur 250 Beded General Hospital,10000208,Jamalpur,Jamalpur Sadar,4729.794666432991,24.9407085,89.93395799999999
11,Mymensingh,district,Sherpur District Hospital,10000576,Sherpur,Sherpur Sadar,4201.368466258351,25.0182375,90.024633
11,Rajshahi,district,Sirajganj 250 Bed  Bongamata Sheikh Fazilatunnesa Mujib General Hospital,10001648,Sirajganj,Sirajganj Sadar,4000.8009845703573,24.4584857,89.7111754
11,Rajshahi,subdistrict,Paba Upazila Health Complex,10001547,Rajshahi,Paba,20471.04243112222,24.443884,88.5547879
11,Rangpur,district,Gaibandha District Hospital,10001254,Gaibandha,Gaibandha Sadar,3989.9997741250577,25.3259361,89.5493315
11,Sylhet,subdistrict,Dakhin Surma Upazila Health Complex,10002243,Sylhet,Dakshin Surma,5775.976435122469,24.8292266,91.9010356
12,Barishal,subdistrict,Daulatkhan Upazila Health Complex,10002008,Bhola,Daulatkhan,8781.998860499061,22.6051058,90.7458551
12,Chattogram,district,Chittagong 250 Bed General Hospital,10000753,Chattogram,Kotwali,16644.98833593163,22.3406339,91.8377319
12,Chattogram,district,Comilla General Hospital,10000864,Cumilla,Cumilla Adarsha Sadar,6859.412454737029,23.4499746,91.1782827
12,Chattogram,district,Brahmanbaria 250 Bed District Sadar Hospital,10000672,Brahmanbaria,Brahmanbaria Sadar,5220.6123174392615,23.9762236,91.11117180000001
12,Chattogram,district,Chandpur 250 Bed General Hospital,10000700,Chandpur,Chandpur Sadar,5055.745343636582,23.2231817,90.6530009
12,Chattogram,district,Lakshmipur District Hospital,10001001,Lakshmipur,Lakshmipur Sadar,3978.702273987404,22.9445334,90.98853679999999
12,Chattogram,subdistrict,Boalkhali Upazila Health Complex,10000740,Chattogram,Boalkhali,28855.117358040145,22.3744591,91.9192144
12,Chattogram,tertiary,Chittagong Medical College Hospital,10000756,Chattogram,Panchlaish,10281.520019072743,22.3592709,91.8308045
12,Dhaka,district,Narayanganj General (Victoria) Hospital,10000427,Narayanganj,Narayanganj Sadar,10935.780562318334,23.6084011,90.50326590000002
12,Dhaka,district,Munshiganj 250 bed District Hospital,10000328,Munshiganj,Munshiganj Sadar,4214.78851791509,23.4980931,90.41266209999999
12,Dhaka,subdistrict,Keraniganj Upazila Health Complex,10000074,Dhaka,Keraniganj,30951.55954302796,23.7064049,90.34714760000001
12,Dhaka,tertiary,Shaheed Suhrawardy Medical College Hospital,10000051,Dhaka,Sher-e-bangla Nagar,9998.562216723205,23.7692146,90.3713616
12,Dhaka,tertiary,Shaheed Ahsan Ullah Master General Hospital,10000129,Gazipur,Gazipur Sadar,9839.11142742932,23.8933902,90.4022109
12,Khulna,district,"Khulna 250 Bed General Hospital, Khulna",10001805,Khulna,Khulna Sadar,5792.63061069867,22.8281662,89.5371409
12,Khulna,district,Kushtia 250 bed General Hospital,10001862,Kushtia,Kushtia Sadar,3907.49971124352,23.9011989,89.12426409999999
12,Khulna,subdistrict,Rupsha Upazila Health Complex,10001826,Khulna,Rupsa,18832.48831275131,22.8223637,89.550115
12,Khulna,subdistrict,Dighalia Upazila Health Complex,10001797,Khulna,Dighalia,16794.97553268715,22.8730466,89.52459859999999
12,Mymensingh,district,Jamalpur 250 Beded General Hospital,10000208,Jamalpur,Jamalpur Sadar,4729.794666432991,24.9407085,89.93395799999999
12,Rajshahi,district,Sirajganj 250 Bed  Bongamata Sheikh Fazilatunnesa Mujib General Hospital,10001648,Sirajganj,Sirajganj Sadar,4000.8009845703573,24.4584857,89.7111754
12,Rajshahi,subdistrict,Paba Upazila Health Complex,10001547,Rajshahi,Paba,20471.04243112222,24.443884,88.5547879
12,Rangpur,district,Gaibandha District Hospital,10001254,Gaibandha,Gaibandha Sadar,3989.9997741250577,25.3259361,89.5493315
12,Sylhet,tertiary,Sylhet MAG Osmani Medical College Hospital,10002195,Sylhet,Sylhet Sadar,3229.1865184177473,24.9015007,91.8539274
13,Barishal,subdistrict,Daulatkhan Upazila Health Complex,10002008,Bhola,Daulatkhan,8781.998860499061,22.6051058,90.7458551
13,Chattogram,district,Chittagong 250 Bed General Hospital,10000753,Chattogram,Kotwali,16644.98833593163,22.3406339,91.8377319
13,Chattogram,district,Comilla General Hospital,10000864,Cumilla,Cumilla Adarsha Sadar,6859.412454737029,23.4499746,91.1782827
13,Chattogram,district,Brahmanbaria 250 Bed District Sadar Hospital,10000672,Brahmanbaria,Brahmanbaria Sadar,5220.6123174392615,23.9762236,91.11117180000001
13,Chattogram,district,Chandpur 250 Bed General Hospital,10000700,Chandpur,Chandpur Sadar,5055.745343636582,23.2231817,90.6530009
13,Chattogram,district,Lakshmipur District Hospital,10001001,Lakshmipur,Lakshmipur Sadar,3978.702273987404,22.9445334,90.98853679999999
13,Chattogram,subdistrict,Boalkhali Upazila Health Complex,10000740,Chattogram,Boalkhali,28855.117358040145,22.3744591,91.9192144
13,Chattogram,tertiary,Chittagong Medical College Hospital,10000756,Chattogram,Panchlaish,10281.520019072743,22.3592709,91.8308045
13,Dhaka,district,Narayanganj General (Victoria) Hospital,10000427,Narayanganj,Narayanganj Sadar,10935.780562318334,23.6084011,90.50326590000002
13,Dhaka,subdistrict,Keraniganj Upazila Health Complex,10000074,Dhaka,Keraniganj,30951.55954302796,23.7064049,90.34714760000001
13,Dhaka,subdistrict,Bandar Upazila Health Complex,10000420,Narayanganj,Bandar,10744.822350434879,23.6290652,90.52533919999999
13,Dhaka,tertiary,Shaheed Suhrawardy Medical College Hospital,10000051,Dhaka,Sher-e-bangla Nagar,9998.562216723205,23.7692146,90.3713616
13,Dhaka,tertiary,Shaheed Ahsan Ullah Master General Hospital,10000129,Gazipur,Gazipur Sadar,9839.11142742932,23.8933902,90.4022109
13,Khulna,district,"Khulna 250 Bed General Hospital, Khulna",10001805,Khulna,Khulna Sadar,5792.63061069867,22.8281662,89.5371409
13,Khulna,subdistrict,Rupsha Upazila Health Complex,10001826,Khulna,Rupsa,18832.48831275131,22.8223637,89.550115
13,Khulna,tertiary,Khulna Medical College Hospital,10001807,Khulna,Sonadanga,4213.501891082341,22.8281662,89.5371409
13,Mymensingh,district,Jamalpur 250 Beded General Hospital,10000208,Jamalpur,Jamalpur Sadar,4729.794666432991,24.9407085,89.93395799999999
13,Mymensingh,district,Sherpur District Hospital,10000576,Sherpur,Sherpur Sadar,4201.368466258351,25.0182375,90.024633
13,Rajshahi,district,Sirajganj 250 Bed  Bongamata Sheikh Fazilatunnesa Mujib General Hospital,10001648,Sirajganj,Sirajganj Sadar,4000.8009845703573,24.4584857,89.7111754
13,Rajshahi,subdistrict,Paba Upazila Health Complex,10001547,Rajshahi,Paba,20471.04243112222,24.443884,88.5547879
13,Rangpur,district,Gaibandha District Hospital,10001254,Gaibandha,Gaibandha Sadar,3989.9997741250577,25.3259361,89.5493315
13,Sylhet,district,Sylhet Shahid Shamsuddin Ahmed District Hospital,10002196,Sylhet,Sylhet Sadar,3958.217277171066,24.8991849,91.86724
14,Barishal,district,Bhola District Hospital,10002002,Bhola,Bhola Sadar,3797.556588389388,22.6757402,90.6557361
14,Chattogram,district,Chittagong 250 Bed General Hospital,10000753,Chattogram,Kotwali,16644.98833593163,22.3406339,91.8377319
14,Chattogram,district,Comilla General Hospital,10000864,Cumilla,Cumilla Adarsha Sadar,6859.412454737029,23.4499746,91.1782827
14,Chattogram,district,Brahmanbaria 250 Bed District Sadar Hospital,10000672,Brahmanbaria,Brahmanbaria Sadar,5220.6123174392615,23.9762236,91.11117180000001
14,Chattogram,district,Chandpur 250 Bed General Hospital,10000700,Chandpur,Chandpur Sadar,5055.745343636582,23.2231817,90.6530009
14,Chattogram,district,Lakshmipur District Hospital,10001001,Lakshmipur,Lakshmipur Sadar,3978.702273987404,22.9445334,90.98853679999999
14,Chattogram,subdistrict,Boalkhali Upazila Health Complex,10000740,Chattogram,Boalkhali,28855.117358040145,22.3744591,91.9192144
14,Chattogram,tertiary,Chittagong Medical College Hospital,10000756,Chattogram,Panchlaish,10281.520019072743,22.3592709,91.8308045
14,Dhaka,district,Narayanganj General (Victoria) Hospital,10000427,Narayanganj,Narayanganj Sadar,10935.780562318334,23.6084011,90.50326590000002
14,Dhaka,district,Munshiganj 250 bed District Hospital,10000328,Munshiganj,Munshiganj Sadar,4214.78851791509,23.4980931,90.41266209999999
14,Dhaka,subdistrict,Keraniganj Upazila Health Complex,10000074,Dhaka,Keraniganj,30951.55954302796,23.7064049,90.34714760000001
14,Dhaka,tertiary,Shaheed Suhrawardy Medical College Hospital,10000051,Dhaka,Sher-e-bangla Nagar,9998.562216723205,23.7692146,90.3713616
14,Khulna,district,"Khulna 250 Bed General Hospital, Khulna",10001805,Khulna,Khulna Sadar,5792.63061069867,22.8281662,89.5371409
14,Khulna,subdistrict,Rupsha Upazila Health Complex,10001826,Khulna,Rupsa,18832.48831275131,22.8223637,89.550115
14,Khulna,subdistrict,Dighalia Upazila Health Complex,10001797,Khulna,Dighalia,16794.97553268715,22.8730466,89.52459859999999
14,Khulna,tertiary,Khulna Medical College Hospital,10001807,Khulna,Sonadanga,4213.501891082341,22.8281662,89.5371409
14,Mymensingh,district,Jamalpur 250 Beded General Hospital,10000208,Jamalpur,Jamalpur Sadar,4729.794666432991,24.9407085,89.93395799999999
14,Mymensingh,district,Sherpur District Hospital,10000576,Sherpur,Sherpur Sadar,4201.368466258351,25.0182375,90.024633
14,Rajshahi,subdistrict,Paba Upazila Health Complex,10001547,Rajshahi,Paba,20471.04243112222,24.443884,88.5547879
14,Rajshahi,tertiary,Rajshahi Medical College Hospital,10001560,Rajshahi,Rajpara,6175.195984745211,24.372019,88.5864259
14,Rangpur,district,Gaibandha District Hospital,10001254,Gaibandha,Gaibandha Sadar,3989.9997741250577,25.3259361,89.5493315
14,Sylhet,subdistrict,Dakhin Surma Upazila Health Complex,10002243,Sylhet,Dakshin Surma,5775.976435122469,24.8292266,91.9010356
15,Barishal,district,Bhola District Hospital,10002002,Bhola,Bhola Sadar,3797.556588389388,22.6757402,90.6557361
15,Chattogram,district,Chittagong 250 Bed General Hospital,10000753,Chattogram,Kotwali,16644.98833593163,22.3406339,91.8377319
15,Chattogram,district,Comilla General Hospital,10000864,Cumilla,Cumilla Adarsha Sadar,6859.412454737029,23.4499746,91.1782827
15,Chattogram,district,Brahmanbaria 250 Bed District Sadar Hospital,10000672,Brahmanbaria,Brahmanbaria Sadar,5220.6123174392615,23.9762236,91.11117180000001
15,Chattogram,district,Chandpur 250 Bed General Hospital,10000700,Chandpur,Chandpur Sadar,5055.745343636582,23.2231817,90.6530009
15,Chattogram,district,Lakshmipur District Hospital,10001001,Lakshmipur,Lakshmipur Sadar,3978.702273987404,22.9445334,90.98853679999999
15,Chattogram,subdistrict,Boalkhali Upazila Health Complex,10000740,Chattogram,Boalkhali,28855.117358040145,22.3744591,91.9192144
15,Chattogram,tertiary,Chittagong Medical College Hospital,10000756,Chattogram,Panchlaish,10281.520019072743,22.3592709,91.8308045
15,Dhaka,district,Narayanganj General (Victoria) Hospital,10000427,Narayanganj,Narayanganj Sadar,10935.780562318334,23.6084011,90.50326590000002
15,Dhaka,subdistrict,Keraniganj Upazila Health Complex,10000074,Dhaka,Keraniganj,30951.55954302796,23.7064049,90.34714760000001
15,Dhaka,subdistrict,Bandar Upazila Health Complex,10000420,Narayanganj,Bandar,10744.822350434879,23.6290652,90.52533919999999
15,Dhaka,tertiary,Shaheed Suhrawardy Medical College Hospital,10000051,Dhaka,Sher-e-bangla Nagar,9998.562216723205,23.7692146,90.3713616
15,Dhaka,tertiary,Shaheed Ahsan Ullah Master General Hospital,10000129,Gazipur,Gazipur Sadar,9839.11142742932,23.8933902,90.4022109
15,Khulna,district,"Khulna 250 Bed General Hospital, Khulna",10001805,Khulna,Khulna Sadar,5792.63061069867,22.8281662,89.5371409
15,Khulna,subdistrict,Rupsha Upazila Health Complex,10001826,Khulna,Rupsa,18832.48831275131,22.8223637,89.550115
15,Khulna,subdistrict,Dighalia Upazila Health Complex,10001797,Khulna,Dighalia,16794.97553268715,22.8730466,89.52459859999999
15,Khulna,tertiary,Khulna Medical College Hospital,10001807,Khulna,Sonadanga,4213.501891082341,22.8281662,89.5371409
15,Mymensingh,district,Jamalpur 250 Beded General Hospital,10000208,Jamalpur,Jamalpur Sadar,4729.794666432991,24.9407085,89.93395799999999
15,Rajshahi,district,Sirajganj 250 Bed  Bongamata Sheikh Fazilatunnesa Mujib General Hospital,10001648,Sirajganj,Sirajganj Sadar,4000.8009845703573,24.4584857,89.7111754
15,Rajshahi,subdistrict,Paba Upazila Health Complex,10001547,Rajshahi,Paba,20471.04243112222,24.443884,88.5547879
15,Rangpur,district,Gaibandha District Hospital,10001254,Gaibandha,Gaibandha Sadar,3989.9997741250577,25.3259361,89.5493315
15,Sylhet,district,Sylhet Shahid Shamsuddin Ahmed District Hospital,10002196,Sylhet,Sylhet Sadar,3958.217277171066,24.8991849,91.86724
16,Barishal,subdistrict,Daulatkhan Upazila Health Complex,10002008,Bhola,Daulatkhan,8781.998860499061,22.6051058,90.7458551
16,Chattogram,district,Chittagong 250 Bed General Hospital,10000753,Chattogram,Kotwali,16644.98833593163,22.3406339,91.8377319
16,Chattogram,district,Comilla General Hospital,10000864,Cumilla,Cumilla Adarsha Sadar,6859.412454737029,23.4499746,91.1782827
16,Chattogram,district,Brahmanbaria 250 Bed District Sadar Hospital,10000672,Brahmanbaria,Brahmanbaria Sadar,5220.6123174392615,23.9762236,91.11117180000001
16,Chattogram,district,Chandpur 250 Bed General Hospital,10000700,Chandpur,Chandpur Sadar,5055.745343636582,23.2231817,90.6530009
16,Chattogram,district,Lakshmipur District Hospital,10001001,Lakshmipur,Lakshmipur Sadar,3978.702273987404,22.9445334,90.98853679999999
16,Chattogram,subdistrict,Boalkhali Upazila Health Complex,10000740,Chattogram,Boalkhali,28855.117358040145,22.3744591,91.9192144
16,Chattogram,tertiary,Chittagong Medical College Hospital,10000756,Chattogram,Panchlaish,10281.520019072743,22.3592709,91.8308045
16,Dhaka,district,Narayanganj General (Victoria) Hospital,10000427,Narayanganj,Narayanganj Sadar,10935.780562318334,23.6084011,90.50326590000002
16,Dhaka,district,Munshiganj 250 bed District Hospital,10000328,Munshiganj,Munshiganj Sadar,4214.78851791509,23.4980931,90.41266209999999
16,Dhaka,subdistrict,Keraniganj Upazila Health Complex,10000074,Dhaka,Keraniganj,30951.55954302796,23.7064049,90.34714760000001
16,Dhaka,tertiary,Shaheed Suhrawardy Medical College Hospital,10000051,Dhaka,Sher-e-bangla Nagar,9998.562216723205,23.7692146,90.3713616
16,Dhaka,tertiary,Shaheed Ahsan Ullah Master General Hospital,10000129,Gazipur,Gazipur Sadar,9839.11142742932,23.8933902,90.4022109
16,Khulna,district,"Khulna 250 Bed General Hospital, Khulna",10001805,Khulna,Khulna Sadar,5792.63061069867,22.8281662,89.5371409
16,Khulna,subdistrict,Rupsha Upazila Health Complex,10001826,Khulna,Rupsa,18832.48831275131,22.8223637,89.550115
16,Khulna,subdistrict,Dighalia Upazila Health Complex,10001797,Khulna,Dighalia,16794.97553268715,22.8730466,89.52459859999999
16,Mymensingh,district,Jamalpur 250 Beded General Hospital,10000208,Jamalpur,Jamalpur Sadar,4729.794666432991,24.9407085,89.93395799999999
16,Mymensingh,district,Sherpur District Hospital,10000576,Sherpur,Sherpur Sadar,4201.368466258351,25.0182375,90.024633
16,Rajshahi,district,Sirajganj 250 Bed  Bongamata Sheikh Fazilatunnesa Mujib General Hospital,10001648,Sirajganj,Sirajganj Sadar,4000.8009845703573,24.4584857,89.7111754
16,Rajshahi,subdistrict,Paba Upazila Health Complex,10001547,Rajshahi,Paba,20471.04243112222,24.443884,88.5547879
16,Rangpur,district,Gaibandha District Hospital,10001254,Gaibandha,Gaibandha Sadar,3989.9997741250577,25.3259361,89.5493315
16,Sylhet,tertiary,Sylhet MAG Osmani Medical College Hospital,10002195,Sylhet,Sylhet Sadar,3229.1865184177473,24.9015007,91.8539274
17,Barishal,district,Bhola District Hospital,10002002,Bhola,Bhola Sadar,3797.556588389388,22.6757402,90.6557361
17,Chattogram,district,Chittagong 250 Bed General Hospital,10000753,Chattogram,Kotwali,16644.98833593163,22.3406339,91.8377319
17,Chattogram,district,Comilla General Hospital,10000864,Cumilla,Cumilla Adarsha Sadar,6859.412454737029,23.4499746,91.1782827
17,Chattogram,district,Brahmanbaria 250 Bed District Sadar Hospital,10000672,Brahmanbaria,Brahmanbaria Sadar,5220.6123174392615,23.9762236,91.11117180000001
17,Chattogram,district,Chandpur 250 Bed General Hospital,10000700,Chandpur,Chandpur Sadar,5055.745343636582,23.2231817,90.6530009
17,Chattogram,subdistrict,Boalkhali Upazila Health Complex,10000740,Chattogram,Boalkhali,28855.117358040145,22.3744591,91.9192144
17,Chattogram,subdistrict,Patiya Upazila Health Complex,10000802,Chattogram,Patiya,12272.205219391015,22.2997122,91.970264
17,Chattogram,tertiary,Chittagong Medical College Hospital,10000756,Chattogram,Panchlaish,10281.520019072743,22.3592709,91.8308045
17,Dhaka,district,Narayanganj General (Victoria) Hospital,10000427,Narayanganj,Narayanganj Sadar,10935.780562318334,23.6084011,90.50326590000002
17,Dhaka,district,Munshiganj 250 bed District Hospital,10000328,Munshiganj,Munshiganj Sadar,4214.78851791509,23.4980931,90.41266209999999
17,Dhaka,district,Kishoreganj 250 Bed District Sadar Hospital,10000243,Kishoreganj,Kishoreganj Sadar,3935.7824755399824,24.4331227,90.7865655
17,Dhaka,subdistrict,Keraniganj Upazila Health Complex,10000074,Dhaka,Keraniganj,30951.55954302796,23.7064049,90.34714760000001
17,Dhaka,tertiary,Shaheed Suhrawardy Medical College Hospital,10000051,Dhaka,Sher-e-bangla Nagar,9998.562216723205,23.7692146,90.3713616
17,Dhaka,tertiary,Shaheed Ahsan Ullah Master General Hospital,10000129,Gazipur,Gazipur Sadar,9839.11142742932,23.8933902,90.4022109
17,Khulna,district,"Khulna 250 Bed General Hospital, Khulna",10001805,Khulna,Khulna Sadar,5792.63061069867,22.8281662,89.5371409
17,Khulna,subdistrict,Rupsha Upazila Health Complex,10001826,Khulna,Rupsa,18832.48831275131,22.8223637,89.550115
17,Mymensingh,district,Jamalpur 250 Beded General Hospital,10000208,Jamalpur,Jamalpur Sadar,4729.794666432991,24.9407085,89.93395799999999
17,Mymensingh,tertiary,Mymensingh Medical College Hospital,10000397,Mymensingh,Mymensingh Sadar,4622.896111804688,24.7415322,90.4089228
17,Rajshahi,district,Sirajganj 250 Bed  Bongamata Sheikh Fazilatunnesa Mujib General Hospital,10001648,Sirajganj,Sirajganj Sadar,4000.8009845703573,24.4584857,89.7111754
17,Rajshahi,subdistrict,Paba Upazila Health Complex,10001547,Rajshahi,Paba,20471.04243112222,24.443884,88.5547879
17,Rangpur,district,Gaibandha District Hospital,10001254,Gaibandha,Gaibandha Sadar,3989.9997741250577,25.3259361,89.5493315
17,Sylhet,subdistrict,Dakhin Surma Upazila Health Complex,10002243,Sylhet,Dakshin Surma,5775.976435122469,24.8292266,91.9010356
18,Barishal,district,Bhola District Hospital,10002002,Bhola,Bhola Sadar,3797.556588389388,22.6757402,90.6557361
18,Chattogram,district,Chittagong 250 Bed General Hospital,10000753,Chattogram,Kotwali,16644.98833593163,22.3406339,91.8377319
18,Chattogram,district,Comilla General Hospital,10000864,Cumilla,Cumilla Adarsha Sadar,6859.412454737029,23.4499746,91.1782827
18,Chattogram,district,Brahmanbaria 250 Bed District Sadar Hospital,10000672,Brahmanbaria,Brahmanbaria Sadar,5220.6123174392615,23.9762236,91.11117180000001
18,Chattogram,district,Chandpur 250 Bed General Hospital,10000700,Chandpur,Chandpur Sadar,5055.745343636582,23.2231817,90.6530009
18,Chattogram,subdistrict,Boalkhali Upazila Health Complex,10000740,Chattogram,Boalkhali,28855.117358040145,22.3744591,91.9192144
18,Chattogram,subdistrict,Patiya Upazila Health Complex,10000802,Chattogram,Patiya,12272.205219391015,22.2997122,91.970264
18,Chattogram,tertiary,Chittagong Medical College Hospital,10000756,Chattogram,Panchlaish,10281.520019072743,22.3592709,91.8308045
18,Dhaka,district,Narayanganj General (Victoria) Hospital,10000427,Narayanganj,Narayanganj Sadar,10935.780562318334,23.6084011,90.50326590000002
18,Dhaka,district,Munshiganj 250 bed District Hospital,10000328,Munshiganj,Munshiganj Sadar,4214.78851791509,23.4980931,90.41266209999999
18,Dhaka,subdistrict,Keraniganj Upazila Health Complex,10000074,Dhaka,Keraniganj,30951.55954302796,23.7064049,90.34714760000001
18,Dhaka,subdistrict,Bandar Upazila Health Complex,10000420,Narayanganj,Bandar,10744.822350434879,23.6290652,90.52533919999999
18,Dhaka,tertiary,Shaheed Suhrawardy Medical College Hospital,10000051,Dhaka,Sher-e-bangla Nagar,9998.562216723205,23.7692146,90.3713616
18,Khulna,district,"Khulna 250 Bed General Hospital, Khulna",10001805,Khulna,Khulna Sadar,5792.63061069867,22.8281662,89.5371409
18,Khulna,district,Kushtia 250 bed General Hospital,10001862,Kushtia,Kushtia Sadar,3907.49971124352,23.9011989,89.12426409999999
18,Mymensingh,district,Jamalpur 250 Beded General Hospital,10000208,Jamalpur,Jamalpur Sadar,4729.794666432991,24.9407085,89.93395799999999
18,Mymensingh,district,Sherpur District Hospital,10000576,Sherpur,Sherpur Sadar,4201.368466258351,25.0182375,90.024633
18,Mymensingh,tertiary,Mymensingh Medical College Hospital,10000397,Mymensingh,Mymensingh Sadar,4622.896111804688,24.7415322,90.4089228
18,Rajshahi,district,Sirajganj 250 Bed  Bongamata Sheikh Fazilatunnesa Mujib General Hospital,10001648,Sirajganj,Sirajganj Sadar,4000.8009845703573,24.4584857,89.7111754
18,Rajshahi,subdistrict,Paba Upazila Health Complex,10001547,Rajshahi,Paba,20471.04243112222,24.443884,88.5547879
18,Rangpur,subdistrict,Sadullapur Upazila Health Complex,10001279,Gaibandha,Sadullapur,5239.251469928573,25.3892813,89.4684573
18,Sylhet,tertiary,Sylhet MAG Osmani Medical College Hospital,10002195,Sylhet,Sylhet Sadar,3229.1865184177473,24.9015007,91.8539274
19,Barishal,district,Bhola District Hospital,10002002,Bhola,Bhola Sadar,3797.556588389388,22.6757402,90.6557361
19,Chattogram,district,Chittagong 250 Bed General Hospital,10000753,Chattogram,Kotwali,16644.98833593163,22.3406339,91.8377319
19,Chattogram,district,Comilla General Hospital,10000864,Cumilla,Cumilla Adarsha Sadar,6859.412454737029,23.4499746,91.1782827
19,Chattogram,district,Brahmanbaria 250 Bed District Sadar Hospital,10000672,Brahmanbaria,Brahmanbaria Sadar,5220.6123174392615,23.9762236,91.11117180000001
19,Chattogram,district,Chandpur 250 Bed General Hospital,10000700,Chandpur,Chandpur Sadar,5055.745343636582,23.2231817,90.6530009
19,Chattogram,subdistrict,Boalkhali Upazila Health Complex,10000740,Chattogram,Boalkhali,28855.117358040145,22.3744591,91.9192144
19,Chattogram,subdistrict,Patiya Upazila Health Complex,10000802,Chattogram,Patiya,12272.205219391015,22.2997122,91.970264
19,Chattogram,tertiary,Chittagong Medical College Hospital,10000756,Chattogram,Panchlaish,10281.520019072743,22.3592709,91.8308045
19,Dhaka,district,Narayanganj General (Victoria) Hospital,10000427,Narayanganj,Narayanganj Sadar,10935.780562318334,23.6084011,90.50326590000002
19,Dhaka,subdistrict,Keraniganj Upazila Health Complex,10000074,Dhaka,Keraniganj,30951.55954302796,23.7064049,90.34714760000001
19,Dhaka,subdistrict,Bandar Upazila Health Complex,10000420,Narayanganj,Bandar,10744.822350434879,23.6290652,90.52533919999999
19,Dhaka,tertiary,Shaheed Suhrawardy Medical College Hospital,10000051,Dhaka,Sher-e-bangla Nagar,9998.562216723205,23.7692146,90.3713616
19,Dhaka,tertiary,Shaheed Ahsan Ullah Master General Hospital,10000129,Gazipur,Gazipur Sadar,9839.11142742932,23.8933902,90.4022109
19,Dhaka,tertiary,Dhaka Medical College Hospital,10000033,Dhaka,Shahbagh,9576.63105197393,23.7256553,90.3970882
19,Khulna,district,"Khulna 250 Bed General Hospital, Khulna",10001805,Khulna,Khulna Sadar,5792.63061069867,22.8281662,89.5371409
19,Khulna,district,Kushtia 250 bed General Hospital,10001862,Kushtia,Kushtia Sadar,3907.49971124352,23.9011989,89.12426409999999
19,Mymensingh,district,Jamalpur 250 Beded General Hospital,10000208,Jamalpur,Jamalpur Sadar,4729.794666432991,24.9407085,89.93395799999999
19,Mymensingh,district,Sherpur District Hospital,10000576,Sherpur,Sherpur Sadar,4201.368466258351,25.0182375,90.024633
19,Rajshahi,district,Sirajganj 250 Bed  Bongamata Sheikh Fazilatunnesa Mujib General Hospital,10001648,Sirajganj,Sirajganj Sadar,4000.8009845703573,24.4584857,89.7111754
19,Rajshahi,subdistrict,Paba Upazila Health Complex,10001547,Rajshahi,Paba,20471.04243112222,24.443884,88.5547879
19,Rangpur,district,Gaibandha District Hospital,10001254,Gaibandha,Gaibandha Sadar,3989.9997741250577,25.3259361,89.5493315
19,Sylhet,subdistrict,Dakhin Surma Upazila Health Complex,10002243,Sylhet,Dakshin Surma,5775.976435122469,24.8292266,91.9010356
20,Barishal,tertiary,Sher-e-bangla Medical College Hospital,10001978,Barishal,Barishal Sadar,3200.5782924821906,22.6863517,90.3614666
20,Chattogram,district,Chittagong 250 Bed General Hospital,10000753,Chattogram,Kotwali,16644.98833593163,22.3406339,91.8377319
20,Chattogram,district,Comilla General Hospital,10000864,Cumilla,Cumilla Adarsha Sadar,6859.412454737029,23.4499746,91.1782827
20,Chattogram,district,Brahmanbaria 250 Bed District Sadar Hospital,10000672,Brahmanbaria,Brahmanbaria Sadar,5220.6123174392615,23.9762236,91.11117180000001
20,Chattogram,district,Chandpur 250 Bed General Hospital,10000700,Chandpur,Chandpur Sadar,5055.745343636582,23.2231817,90.6530009
20,Chattogram,district,Lakshmipur District Hospital,10001001,Lakshmipur,Lakshmipur Sadar,3978.702273987404,22.9445334,90.98853679999999
20,Chattogram,subdistrict,Boalkhali Upazila Health Complex,10000740,Chattogram,Boalkhali,28855.117358040145,22.3744591,91.9192144
20,Chattogram,tertiary,Chittagong Medical College Hospital,10000756,Chattogram,Panchlaish,10281.520019072743,22.3592709,91.8308045
20,Dhaka,district,Narayanganj General (Victoria) Hospital,10000427,Narayanganj,Narayanganj Sadar,10935.780562318334,23.6084011,90.50326590000002
20,Dhaka,district,Munshiganj 250 bed District Hospital,10000328,Munshiganj,Munshiganj Sadar,4214.78851791509,23.4980931,90.41266209999999
20,Dhaka,subdistrict,Keraniganj Upazila Health Complex,10000074,Dhaka,Keraniganj,30951.55954302796,23.7064049,90.34714760000001
20,Dhaka,tertiary,Shaheed Suhrawardy Medical College Hospital,10000051,Dhaka,Sher-e-bangla Nagar,9998.562216723205,23.7692146,90.3713616
20,Khulna,district,"Khulna 250 Bed General Hospital, Khulna",10001805,Khulna,Khulna Sadar,5792.63061069867,22.8281662,89.5371409
20,Khulna,subdistrict,Rupsha Upazila Health Complex,10001826,Khulna,Rupsa,18832.48831275131,22.8223637,89.550115
20,Khulna,subdistrict,Dighalia Upazila Health Complex,10001797,Khulna,Dighalia,16794.97553268715,22.8730466,89.52459859999999
20,Khulna,subdistrict,Batiaghata Upazila Health Complex,10001792,Khulna,Batiaghata,10443.292464721482,22.7386876,89.51466429999999
20,Mymensingh,district,Jamalpur 250 Beded General Hospital,10000208,Jamalpur,Jamalpur Sadar,4729.794666432991,24.9407085,89.93395799999999
20,Mymensingh,district,Sherpur District Hospital,10000576,Sherpur,Sherpur Sadar,4201.368466258351,25.0182375,90.024633
20,Rajshahi,subdistrict,Paba Upazila Health Complex,10001547,Rajshahi,Paba,20471.04243112222,24.443884,88.5547879
20,Rajshahi,tertiary,Rajshahi Medical College Hospital,10001560,Rajshahi,Rajpara,6175.195984745211,24.372019,88.5864259
20,Rangpur,district,Gaibandha District Hospital,10001254,Gaibandha,Gaibandha Sadar,3989.9997741250577,25.3259361,89.5493315
20,Sylhet,district,Sylhet Shahid Shamsuddin Ahmed District Hospital,10002196,Sylhet,Sylhet Sadar,3958.217277171066,24.8991849,91.86724
