org_name,org_code,division,district,upazila,org_lvl,LAT,LON,wt
Abhoynagar Upazila Health Complex,10001737,Khulna,Jashore,Abhaynagar,subdistrict,23.0221697,89.395584,2222.7025188729476
Adamdighi Upazila Health Complex,10001095,Rajshahi,Bogura,Adamdighi,subdistrict,24.8222349,89.044119,2769.8427180073923
Aditmari Upazila Health Complex,10001339,Rangpur,Lalmonirhat,Aditmari,subdistrict,25.9255186,89.3439373,3430.2327726434355
Agailjhara Upazila Health Complex,10001948,Barishal,Barishal,Agailjhara,subdistrict,22.9634888,90.1831576,2805.982648777591
Ajmiriganj Upazila Health Complex,10002074,Sylhet,Habiganj,Ajmiriganj,subdistrict,24.5522744,91.2346678,1548.5117614432886
Akhaura Upazila Health Complex,10000663,Chattogram,Brahmanbaria,Akhaura,subdistrict,23.8643892,91.2032366,4759.412050789486
Akkelpur Upazila Health Complex,10001289,Rajshahi,Joypurhat,Akkelpur,subdistrict,24.9674097,89.02301130000001,2011.144284262043
Alamdanga Upazila Health Complex,10001719,Khulna,Chuadanga,Alamdanga,subdistrict,23.7885968,88.9029102,2708.0544527347624
Alfadanga Upazila Health Complex,10000085,Dhaka,Faridpur,Alfadanga,subdistrict,23.2946288,89.7071758,2412.7239903899717
Alikadam Upazila Health Complex,10000652,Chattogram,Bandarban,Alikadam,subdistrict,21.6523964,92.31191799999999,247.82287344595852
Amtali Upazila Health Complex,10001933,Barishal,Barguna,Amtali,subdistrict,22.1303784,90.2301825,3993.34689260866
Anwara Upazila Health Complex,10000729,Chattogram,Chattogram,Anowara,subdistrict,22.2243276,91.88901829999999,12255.461616423145
Araihazar Upazila Health Complex,10000415,Dhaka,Narayanganj,Araihazar,subdistrict,23.7905186,90.6606522,4656.208776736128
Ashugonj Upazila Health Complex,10000665,Chattogram,Brahmanbaria,Ashuganj,subdistrict,24.0640154,90.9868276,4865.83070795223
Assasuni Upazila Health Complex,10001914,Khulna,Satkhira,Assasuni,subdistrict,22.5470483,89.1776775,2170.09557211933
Atgharia Upazila Health Complex,10001472,Rajshahi,Pabna,Atgharia,subdistrict,24.1147584,89.24300559999999,3304.2974495478916
Atpara Upazila Health Complex,10000466,Mymensingh,Netrakona,Atpara,subdistrict,24.8099522,90.86200269999999,3207.093944214512
Atrai Upazila Health Complex,10001363,Rajshahi,Naogaon,Atrai,subdistrict,24.611162,88.97819969999999,1914.8896862814488
Atwari Upazila Health Complex,10001500,Rangpur,Panchagarh,Atwari,subdistrict,26.2371141,88.4092577,1607.7973163125287
Austagram Upazila Health Complex,10000223,Dhaka,Kishoreganj,Austagram,subdistrict,24.2733317,91.1032314,2589.014352410721
Babuganj Upazila Health Complex,10001955,Barishal,Barishal,Babuganj,subdistrict,22.8264539,90.3082433,4777.6789616597425
Badalgachi Upazila Health Complex,10001370,Rajshahi,Naogaon,Badalgachhi,subdistrict,24.9607274,88.90577669999999,2439.6054866033883
Badarganj Upazila Health Complex,10001575,Rangpur,Rangpur,Badarganj,subdistrict,25.673455,89.0493125,2597.6416700243485
Bagerhat District Hospital,10001693,Khulna,Bagerhat,Bagerhat Sadar,district,22.7955887,89.8726916,2460.112066483956
Bagha Upazila Health Complex,10001527,Rajshahi,Rajshahi,Bagha,subdistrict,24.1987913,88.8378535,2190.381565700436
Baghaichari Upazila Health Complex,10001067,Chattogram,Rangamati,Baghaichari,subdistrict,22.9669729,92.2007605,555.2813266068688
Bagherpara Upazila Health Complex,10001741,Khulna,Jashore,Bagherpara,subdistrict,23.2191034,89.34433419999999,1665.254825073084
Bagmara Upazila Health Complex,10001523,Rajshahi,Rajshahi,Baghmara,subdistrict,24.5594502,88.80393579999999,2025.0101268549704
Bahubal Upazila Health Complex,10002075,Sylhet,Habiganj,Bahubal,subdistrict,24.3391251,91.5381503,3016.56422621093
Bajitpur Upazila Health Complex,10000227,Dhaka,Kishoreganj,Bajitpur,subdistrict,24.2139055,90.96489319999999,4128.741765121504
Bakerganj Upazila Health Complex,10001963,Barishal,Barishal,Bakerganj,subdistrict,22.5388143,90.34633219999999,2220.1458740230773
Bakshiganj Upazila Health Complex,10000188,Mymensingh,Jamalpur,Bakshiganj,subdistrict,25.177373,89.87068239999999,4235.04321097758
Balaganj Upazila Health Complex,10002164,Sylhet,Sylhet,Balaganj,subdistrict,24.6550741,91.83655759999999,2852.0884340867324
Baliadangi Upazila Health Complex,10001671,Rangpur,Thakurgaon,Baliadangi,subdistrict,26.0967079,88.2763784,1517.9740270330165
Baliakandi Upazila Health Complex,10000505,Dhaka,Rajbari,Baliakandi,subdistrict,23.6320888,89.5494684,2412.657420567723
Bamna Upazila Health Complex,10001937,Barishal,Barguna,Bamna,subdistrict,22.3097209,90.0929304,2956.644081798577
Banaripara Upazila Health Complex,10001966,Barishal,Barishal,Banaripara,subdistrict,22.7795615,90.160325,2876.3553317999003
Bancharampur Upazila Health Complex,10000667,Chattogram,Brahmanbaria,Banchharampur,subdistrict,23.7712295,90.80182529999999,3679.327924387878
Bandar Upazila Health Complex,10000420,Dhaka,Narayanganj,Bandar,subdistrict,23.6290652,90.52533919999999,10744.822350434879
Bandarban District Hospital,10000655,Chattogram,Bandarban,Bandarban Sadar,district,22.1896135,92.2264957,1849.6127772004575
Baniachong Upazila Health Complex,10002077,Sylhet,Habiganj,Baniachong,subdistrict,24.5043556,91.363973,2502.3740317964875
Banshkhali Upazila Health Complex,10000734,Chattogram,Chattogram,Banshkhali,subdistrict,22.0017357,91.9503596,6521.432028601605
Baraigram Upazila Health Complex,10001421,Rajshahi,Natore,Baraigram,subdistrict,24.3121676,89.16629840000002,3445.9496959737758
Barguna District Hospital,10001943,Barishal,Barguna,Barguna Sadar,district,22.156242,90.12789,3375.6931106201446
Barhatta Upazila Health Complex,10000468,Mymensingh,Netrakona,Barhatta,subdistrict,24.8978283,90.8872695,2709.2997421220443
Barisal General Hospital,10001972,Barishal,Barishal,Barishal Sadar,district,22.7086412,90.37027479999999,3215.567946008491
Barkal Upazila Health Complex,10001070,Chattogram,Rangamati,Barkal,subdistrict,22.7244254,92.3805678,285.638129982961
Barlekha Upazila Health Complex,10002096,Sylhet,Maulvibazar,Barlekha,subdistrict,24.6937111,92.1849536,2762.1206061184575
Barura Upazila Health Complex,10000842,Chattogram,Cumilla,Barura,subdistrict,23.3768341,91.05928689999999,6682.9754279750505
Basail Upazila Health Complex,10000581,Dhaka,Tangail,Basail,subdistrict,24.2290094,90.05453469999999,2950.4476353156124
Batiaghata Upazila Health Complex,10001792,Khulna,Khulna,Batiaghata,subdistrict,22.7386876,89.51466429999999,10443.292464721482
Bauphal Upazila Health Complex,10002033,Barishal,Patuakhali,Bauphal,subdistrict,22.4145776,90.56198289999999,2509.6653156551592
Beanibazar Upazila Health Complex,10002172,Sylhet,Sylhet,Beanibazar,subdistrict,24.8285578,92.16258470000001,3612.0861981974185
Begumganj Upazila Health Complex,10001028,Chattogram,Noakhali,Begumganj,subdistrict,22.9439053,91.11057249999999,5010.365719278121
Belabo Upazila Health Complex,10000436,Dhaka,Narsingdi,Belabo,subdistrict,24.1066467,90.8514301,3768.896311337468
Belaichari Upazila Health Complex,10001072,Chattogram,Rangamati,Belaichari,subdistrict,22.3622596,92.49999179999999,56.547737570126586
Belkuchi Upazila Health Complex,10001624,Rajshahi,Sirajganj,Belkuchi,subdistrict,24.2948402,89.69601589999999,4445.148446131891
Bera Upazila Health Complex,10001476,Rajshahi,Pabna,Bera,subdistrict,24.0776786,89.61486430000001,3437.7229966665313
Betagi Upazila Health Complex,10001945,Barishal,Barguna,Betagi,subdistrict,22.4136076,90.1601787,2806.586755792079
Bhairab Upazila Health Complex,10000230,Dhaka,Kishoreganj,Bhairab,subdistrict,24.0640154,90.9868276,4865.83070795223
Bhandaria Upazila Health Complex,10002055,Barishal,Pirojpur,Bhandaria,subdistrict,22.4897195,90.0589013,2761.474176404057
Bhanga Upazila Health Complex,10000089,Dhaka,Faridpur,Bhanga,subdistrict,23.3827255,89.9810529,3372.3412029364836
Bhangura Upazila Health Complex,10001473,Rajshahi,Pabna,Bhangura,subdistrict,24.2127755,89.3781084,2577.8242350984565
Bhedarganj Upazila Health Complex,10000541,Dhaka,Shariatpur,Bhedarganj,subdistrict,23.1977488,90.4476433,4460.885098542824
Bheramara Upazila Health Complex,10001830,Khulna,Kushtia,Bheramara,subdistrict,24.0325349,89.0048949,4187.505542687052
Bhola District Hospital,10002002,Barishal,Bhola,Bhola Sadar,district,22.6757402,90.6557361,3797.556588389388
Bholahat Upazila Health Complex,10001163,Rajshahi,Chapai Nawabganj,Bholahat,subdistrict,24.9363316,88.22329529999999,3170.6900276901197
Bhuapur Upazila Health Complex,10000586,Dhaka,Tangail,Bhuapur,subdistrict,24.4629235,89.8746932,4820.795113989563
Bhurungamari Upazila Health Complex,10001308,Rangpur,Kurigram,Bhurungamari,subdistrict,26.119676,89.6648689,3064.766262071468
Bijoynagar Upazila Health Complex,10013108,Chattogram,Brahmanbaria,Bijoynagar,subdistrict,24.0141859,91.2265536,4329.427571247015
Birampur Upazila Health Complex,10001189,Rangpur,Dinajpur,Birampur,subdistrict,25.3952853,88.98730169999999,2718.6488540954065
Birganj Upazila Health Complex,10001193,Rangpur,Dinajpur,Birganj,subdistrict,25.880177,88.6358944,2780.626818358585
Birol Upazila Health Complex,10001200,Rangpur,Dinajpur,Biral,subdistrict,25.636288,88.5539635,3846.3756979814934
Bishwanath Upazila Health Complex,10002177,Sylhet,Sylhet,Bishwanath,subdistrict,24.839986,91.7248377,3920.9409445908327
Biswambarpur Upazila Health Complex,10002127,Sylhet,Sunamganj,Bishwambarpur,subdistrict,25.0987573,91.299939,3798.783270511153
Boalkhali Upazila Health Complex,10000740,Chattogram,Chattogram,Boalkhali,subdistrict,22.3744591,91.9192144,28855.117358040145
Boalmari Upazila Health Complex,10000095,Dhaka,Faridpur,Boalmari,subdistrict,23.3916388,89.68525749999999,3153.3797063329066
Bochaganj Upazila Health Complex,10001201,Rangpur,Dinajpur,Bochaganj,subdistrict,25.7999526,88.4665782,1987.5549553214412
Boda Upazila Health Complex,10001502,Rangpur,Panchagarh,Boda,subdistrict,26.2026511,88.554039,2243.1424339852774
Bogra 250 bed Mohammad Ali District Hospital,10001109,Rajshahi,Bogura,Bogura Sadar,tertiary,24.8356039,89.3741702,3481.571068887394
Borhanuddin Upazila Health Complex,10002004,Barishal,Bhola,Burhanuddin,subdistrict,22.4963235,90.718772,5605.078204479859
Brahmanbaria 250 Bed District Sadar Hospital,10000672,Chattogram,Brahmanbaria,Brahmanbaria Sadar,district,23.9762236,91.11117180000001,5220.6123174392615
Brahmanpara Upazila Health Complex,10000846,Chattogram,Cumilla,Brahmanpara,subdistrict,23.6133333,91.0943145,4943.148122071151
Burichong Upazila Health Complex,10000847,Chattogram,Cumilla,Burichang,subdistrict,23.5570703,91.1270572,7191.051811622812
Chaddagram Upazila Health Complex,10000852,Chattogram,Cumilla,Chauddagram,subdistrict,23.2237444,91.3137728,4483.061193314504
Chakaria Upazila Health Complex,10000918,Chattogram,Cox's Bazar,Chakaria,subdistrict,21.7617554,92.0746398,2894.1692234095863
Chandanaish Upazila Health Complex,10000748,Chattogram,Chattogram,Chandanaish,subdistrict,22.2114681,92.0101031,7020.407203588658
Chandina Upazila Health Complex,10000857,Chattogram,Cumilla,Chandina,subdistrict,23.4882887,90.9984257,6037.957462208523
Chandpur 250 Bed General Hospital,10000700,Chattogram,Chandpur,Chandpur Sadar,district,23.2231817,90.6530009,5055.745343636582
Chapai Nababganj District Hospital,10001186,Rajshahi,Chapai Nawabganj,Chapai Nababganj Sadar,district,24.5980828,88.26547479999999,3087.4699260790303
Charbhadrason Upazila Health Complex,10000098,Dhaka,Faridpur,Char Bhadrasan,subdistrict,23.563364,90.0004371,2731.92099727705
Charfession Upazila Health Complex,10002006,Barishal,Bhola,Charfession,subdistrict,22.1840322,90.7630241,2995.4362402642473
Charghat Upazila Health Complex,10001528,Rajshahi,Rajshahi,Charghat,subdistrict,24.2805649,88.7507528,4965.933011576001
Chatkhil Upazila Health Complex,10001031,Chattogram,Noakhali,Chatkhil,subdistrict,23.0600994,90.9696512,2426.1670948135634
Chatmohar Upazila Health Complex,10001479,Rajshahi,Pabna,Chatmohar,subdistrict,24.2327452,89.2869509,2479.395611054581
Chhagalnaya Upazila Health Complex,10000942,Chattogram,Feni,Chhagalnaiya,subdistrict,23.0388683,91.51629559999999,4375.018087854267
Chhatak Upazila Health Complex,10002130,Sylhet,Sunamganj,Chhatak,subdistrict,25.0345323,91.6681278,2666.4951340907355
Chilmari Upazila Health Complex,10001313,Rangpur,Kurigram,Chilmari,subdistrict,25.5812227,89.66001829999999,2814.9870813078246
Chirirbandar Upazila Health Complex,10001203,Rangpur,Dinajpur,Chirirbandar,subdistrict,25.6506696,88.7725449,4049.136649565643
Chitalmari Upazila Health Complex,10001696,Khulna,Bagerhat,Chitalmari,subdistrict,22.7954188,89.8731677,2047.5836444492675
Chittagong 250 Bed General Hospital,10000753,Chattogram,Chattogram,Kotwali,district,22.3406339,91.8377319,16644.98833593163
Chittagong Medical College Hospital,10000756,Chattogram,Chattogram,Panchlaish,tertiary,22.3592709,91.8308045,10281.520019072743
Chowgacha Upazila Health Complex,10001744,Khulna,Jashore,Chaugacha,subdistrict,23.2594433,89.02491169999999,2150.969920925032
Chowhali Upazila Health Complex,10001629,Rajshahi,Sirajganj,Chauhali,subdistrict,24.072394,89.7567693,1865.4659743232355
Chuadanga District Hospital,10001723,Khulna,Chuadanga,Chuadanga Sadar,district,23.617779,88.8733006,2877.970543737387
"Chunarughat Upazila Health Complex, Hobigonj.",10002078,Sylhet,Habiganj,Chunarughat,subdistrict,24.1993876,91.51859309999999,3199.3969373767172
Comilla General Hospital,10000864,Chattogram,Cumilla,Cumilla Adarsha Sadar,district,23.4499746,91.1782827,6859.412454737029
Comilla Sadar Daxin Upazila Health Complex,10000862,Chattogram,Cumilla,Cumilla Sadar Dakshin,subdistrict,23.4547096,91.1812348,7660.924634105291
Companiganj Upazila Health Complex,10001033,Chattogram,Noakhali,Companiganj,subdistrict,25.0855552,91.7566198,1887.9363731667777
Companiganj Upazila Health Complex,10002209,Sylhet,Sylhet,Companiganj,subdistrict,25.0855552,91.7566198,1887.9363731667777
Cox's Bazar 250 Bed District Sadar Hospital,10000922,Chattogram,Cox's Bazar,Cox's Bazar Sadar,district,21.4409036,91.9766003,3070.242687041353
Cumilla Medical College Hospital,10000867,Chattogram,Cumilla,Cumilla Adarsha Sadar,tertiary,23.4515415,91.2029603,5891.376137624168
Dacope Upazila Health Complex,10001794,Khulna,Khulna,Dacope,subdistrict,22.5994035,89.5176149,2392.120229502132
Daganbhuiya Upazila Health Complex,10000946,Chattogram,Feni,Daganbhuiyan,subdistrict,22.8501032,91.39655979999999,2763.591843374408
Dakhin Surma Upazila Health Complex,10002243,Sylhet,Sylhet,Dakshin Surma,subdistrict,24.8292266,91.9010356,5775.976435122469
Dakshin Sunamganj Upazila Health Complex,10002134,Sylhet,Sunamganj,Dakshin Sunamganj,subdistrict,25.0658556,91.4094135,4110.755096403419
Damudya Upazila Health Complex,10000544,Dhaka,Shariatpur,Damudya,subdistrict,23.1379536,90.44286699999999,3439.186425880283
Damurhuda Upazila Health Complex,10001731,Khulna,Chuadanga,Damurhuda,subdistrict,23.613707,88.7635289,3518.5490578557938
Dashmina Upazila Health Complex,10002034,Barishal,Patuakhali,Dashmina,subdistrict,22.2825494,90.5645059,1606.3765373045912
Daudkandi Upazila Health Complex,10000875,Chattogram,Cumilla,Daudkandi,subdistrict,23.5297817,90.7834439,3660.1845432041036
Daulatkhan Upazila Health Complex,10002008,Barishal,Bhola,Daulatkhan,subdistrict,22.6051058,90.7458551,8781.998860499061
Daulatpur Upazila Health Complex,10000277,Dhaka,Manikganj,Daulatpur,subdistrict,23.9663768,89.82928489999999,2582.121904024124
Daulatpur Upazila Health Complex,10002214,Khulna,Kushtia,Daulatpur,subdistrict,23.9663768,89.82928489999999,2582.121904024124
Debidwar Upazila Health Complex,10000883,Chattogram,Cumilla,Debidwar,subdistrict,23.6035733,90.9883407,6230.64280253034
Debiganj Upazila Health Complex,10001506,Rangpur,Panchagarh,Debiganj,subdistrict,26.1163162,88.7557933,2244.5585973463026
Delduar Upazila Health Complex,10000591,Dhaka,Tangail,Delduar,subdistrict,24.1641829,89.96865939999999,3608.6553198335696
Derai Upazila Health Complex,10002136,Sylhet,Sunamganj,Derai,subdistrict,24.8473266,91.2339315,1655.151001102638
Dewanganj Upazila Health Complex,10000191,Mymensingh,Jamalpur,Dewanganj,subdistrict,25.1617691,89.75889869999999,3263.7675315144584
Dhaka Medical College Hospital,10000033,Dhaka,Dhaka,Shahbagh,tertiary,23.7256553,90.3970882,9576.63105197393
Dhamrai Upazila Health Complex,10000064,Dhaka,Dhaka,Dhamrai,subdistrict,23.9135162,90.2275441,7867.223884680242
Dhanbari Upazila Health Complex,10000595,Dhaka,Tangail,Dhanbari,subdistrict,24.6898613,89.9542883,3704.0881358929005
Dharmapasha Upazila Health Complex,10002138,Sylhet,Sunamganj,Dharampasha,subdistrict,24.9034455,91.0056735,1970.8210065530034
Dhubaura Upazila Health Complex,10000355,Mymensingh,Mymensingh,Dhobaura,subdistrict,25.0902996,90.5137506,1771.6271312228803
Dhunat Upazila Health Complex,10001115,Rajshahi,Bogura,Dhunat,subdistrict,24.6916734,89.535905,4080.6117741402045
Dhupchachia Upazila Health Complex,10001117,Rajshahi,Bogura,Dhupchanchia,subdistrict,24.8761591,89.1723974,3172.3808027736795
Dighalia Upazila Health Complex,10001797,Khulna,Khulna,Dighalia,subdistrict,22.8730466,89.52459859999999,16794.97553268715
Dighinala Upazila Health Complex,10000973,Chattogram,Khagrachari,Dighinala,subdistrict,23.2495553,92.0666729,600.6947851736694
Dimla Upazila Health Complex. Nilphamari,10001442,Rangpur,Nilphamari,Dimla,subdistrict,26.1572451,88.92477269999999,3195.7006753309
Dinajpur 250 bed General Hospital,10001214,Rangpur,Dinajpur,Dinajpur Sadar,district,25.6258212,88.63687589999999,3084.1403116719325
Doarabazar Upazila Health Complex,10002143,Sylhet,Sunamganj,Dowarabazar,subdistrict,25.0428276,91.567837,3448.0917490464863
Dohar Upazila Health Complex,10000069,Dhaka,Dhaka,Dohar,subdistrict,23.6157665,90.12273909999999,3967.1862529353502
Domar Upazila Health Complex,10001450,Rangpur,Nilphamari,Domar,subdistrict,26.1140528,88.85360229999999,2983.028722968566
Dumki Upazila Health Complex,10002035,Barishal,Patuakhali,Dumki,subdistrict,22.4706533,90.3836524,3198.1532892410955
Dumuria Upazila Health Complex,10001799,Khulna,Khulna,Dumuria,subdistrict,22.8098382,89.4100684,7148.162807869444
Durgapur Upazila Health Complex,10000470,Rajshahi,Rajshahi,Durgapur,subdistrict,25.1282929,90.6786839,2024.977375026331
Durgapur Upazila Health Complex,10002304,Mymensingh,Netrakona,Durgapur,subdistrict,25.1282929,90.6786839,2024.977375026331
Fakirhat Upazila Health Complex,10001701,Khulna,Bagerhat,Fakirhat,subdistrict,22.7778718,89.70012779999999,3195.549446734744
Faridganj Upazila Health Complex,10000706,Chattogram,Chandpur,Faridganj,subdistrict,23.122725,90.7545435,6117.714648052787
Faridpur General Hospital,10000105,Dhaka,Faridpur,Faridpur Sadar,district,23.6049185,89.83647409999999,2919.158203803908
Faridpur Medical College Hospital,10000108,Dhaka,Faridpur,Faridpur Sadar,tertiary,23.5880489,89.8352342,2977.310780886669
Faridpur Upazila Health Complex,10001481,Rajshahi,Pabna,Faridpur,subdistrict,24.1605862,89.4570565,2994.0029007612907
Fatikchari Upazila Health Complex,10000781,Chattogram,Chattogram,Fatikchari,subdistrict,22.6366553,91.7952699,3164.792670011094
Fenchuganj Upazila Health Complex,10002181,Sylhet,Sylhet,Fenchuganj,subdistrict,24.6970174,91.93832689999999,3072.353850174173
Feni 250 Bed District Sadar Hospital,10000954,Chattogram,Feni,Feni Sadar,district,23.0159132,91.39758309999999,3657.4069501043373
Fulbari Upazila Health Complex,10001220,Rangpur,Dinajpur,Fulbari,subdistrict,25.5015095,88.9487077,3280.7881061535604
Fulbari Upazila Health Complex,10002235,Rangpur,Kurigram,Phulbari,subdistrict,25.5015095,88.9487077,3280.7881061535604
Fulbaria Upazila Health Complex,10000358,Mymensingh,Mymensingh,Fulbaria,subdistrict,24.6265478,90.2792457,6328.722805223891
Fulchari Upazila Health Complex,10001244,Rangpur,Gaibandha,Fulchhari,subdistrict,25.2480253,89.57703889999999,4898.541708291545
Fulgazi Upazila Health Complex,10000960,Chattogram,Feni,Fulgazi,subdistrict,23.1058338,91.4321219,4112.467764475888
Fultala Upazila Health Complex,10001801,Khulna,Khulna,Phultala,subdistrict,22.9572429,89.4807699,6089.38887172438
Gabtali Upazila Health Complex,10001122,Rajshahi,Bogura,Gabtali,subdistrict,24.878177,89.4492502,8555.275279718506
Gaibandha District Hospital,10001254,Rangpur,Gaibandha,Gaibandha Sadar,district,25.3259361,89.5493315,3989.9997741250577
Galachipa Upazila Health Complex,10002039,Barishal,Patuakhali,Galachipa,subdistrict,22.1659553,90.4204714,1133.8273907165544
Gangachara Upazila Health Complex,10001579,Rangpur,Rangpur,Gangachara,subdistrict,25.8544999,89.2219824,4483.949987069772
Gangni Upazila Health Complex,10001891,Khulna,Meherpur,Gangni,subdistrict,23.8163155,88.7443078,2863.0016930967586
Gazaria Upazila Health Complex,10000317,Dhaka,Munshiganj,Gazaria,subdistrict,23.5529662,90.65290999999999,3077.76277985107
Ghatail Upazila Health Complex,10000601,Dhaka,Tangail,Ghatail,subdistrict,24.4843994,89.97355449999999,5267.596037851111
Ghior Upazila Health Complex,10000281,Dhaka,Manikganj,Ghior,subdistrict,23.891514,89.87653,3484.771924030821
Ghoraghat Upazila Health Complex,10001224,Rangpur,Dinajpur,Ghoraghat,subdistrict,25.256138,89.2399243,1755.186464423095
Goalanda Upazila Health Complex,10000508,Dhaka,Rajbari,Goalanda,subdistrict,23.723911,89.7469229,2643.968539203293
Gobindaganj Upazila Health Complex,10001265,Rangpur,Gaibandha,Gobindaganj,subdistrict,25.1425361,89.38607449999999,3556.0450648487626
Godagari Upazila Health Complex,10001539,Rajshahi,Rajshahi,Godagari,subdistrict,24.3969518,88.4107301,3502.295845602276
Gofargaon Upazila Health Complex,10000369,Mymensingh,Mymensingh,Gaffargaon,subdistrict,24.4627428,90.54507319999999,5385.424403620748
Golapganj Upazila Health Complex,10002182,Sylhet,Sylhet,Golapganj,subdistrict,24.8321998,92.02894580000002,4703.428424550687
Gomastapur Upazila Health Complex,10001167,Rajshahi,Chapai Nawabganj,Gomastapur,subdistrict,24.8179161,88.3237791,3259.023168644189
Gopalganj 250 bed General Hospital,10002233,Dhaka,Gopalganj,Gopalganj Sadar,district,22.9982121,89.8190072,2058.5075734438583
Gopalpur Upazila Health Complex,10000607,Dhaka,Tangail,Gopalpur,subdistrict,24.5498899,89.92717809999999,5401.535093427609
Goshairhat Upazila Health Complex,10000546,Dhaka,Shariatpur,Gosairhat,subdistrict,23.078989,90.42886829999999,2535.316995099697
Gouripur Upazila Health Complex,10000373,Mymensingh,Mymensingh,Gauripur,subdistrict,24.7708597,90.5693264,4196.992801608596
Gournadi Upazila Health Complex,10001982,Barishal,Barishal,Gaurnadi,subdistrict,22.9619447,90.2259318,3184.9096187295286
Gowainghat Upazila Health Complex,10002186,Sylhet,Sylhet,Gowainghat,subdistrict,25.0895214,91.9798191,2562.4767205365642
Gurudashpur Upazila Health Complex,10001424,Rajshahi,Natore,Gurudaspur,subdistrict,24.3688168,89.2370634,2362.2178989466966
"Habiganj District Hospital, Habiganj",10002071,Sylhet,Habiganj,Habiganj Sadar,district,24.373323,91.41763999999999,3429.7240483947958
Haimchar Upazila Health Complex,10000708,Chattogram,Chandpur,Haimchar,subdistrict,23.0947534,90.6621859,4788.120985434914
Hakimpur Upazila Health Complex,10001226,Rangpur,Dinajpur,Hakimpur,subdistrict,25.2860578,89.012652,2539.2666668336633
Haluaghat Upazila Health Complex,10000379,Mymensingh,Mymensingh,Haluaghat,subdistrict,25.1183767,90.3386664,1976.0792028483684
Haripur Upazila Health Complex,10001673,Rangpur,Thakurgaon,Haripur,subdistrict,25.8336127,88.13245359999999,2020.8678235652033
Harirampur Upazila Health Complex,10000288,Dhaka,Manikganj,Harirampur,subdistrict,23.7426415,89.9756586,3487.051742378508
Hathazari Upazila Health Complex,10000786,Chattogram,Chattogram,Hathazari,subdistrict,22.5088437,91.804165,4762.78955415809
Hatibandha Upazila Health Complex,10001342,Rangpur,Lalmonirhat,Hatibandha,subdistrict,26.1217466,89.1411406,1732.8014948759803
Hatiya Upazila Health Complex,10001037,Chattogram,Noakhali,Hatiya,subdistrict,22.2876868,91.1415992,2517.127942813168
Hijla Upazila Health Complex,10001984,Barishal,Barishal,Hizla,subdistrict,22.928412,90.44125489999999,2882.0128814243767
Homna Upazila Health Complex,10000887,Chattogram,Cumilla,Homna,subdistrict,23.681142,90.7823501,3244.9011163935506
Hossainpur Upazila Health Complex,10000232,Dhaka,Kishoreganj,Hossainpur,subdistrict,24.417774,90.65625849999999,4236.706481896604
Indurkani Upazila Health Complex,10002069,Barishal,Pirojpur,Indurkani,subdistrict,22.4802276,89.96140369999999,2519.054128556317
Islampur Upazila Health Complex,10000196,Mymensingh,Jamalpur,Islampur,subdistrict,25.0778469,89.799385,4442.732518447321
Iswardi Upazila Health Complex,10001482,Rajshahi,Pabna,Ishwardi,subdistrict,24.1271941,89.0715208,2996.730978996113
Iswarganj Upazila Health Complex,10000383,Mymensingh,Mymensingh,Ishwarganj,subdistrict,24.68995,90.6109697,4614.780665970278
Itna Upazila Health Complex,10000234,Dhaka,Kishoreganj,Itna,subdistrict,24.5275596,91.09379469999999,1830.7727934397155
Jagannathpur Upazila Health Complex,10002149,Sylhet,Sunamganj,Jagannathpur,subdistrict,24.7789419,91.5634596,2578.900997452333
Jaintapur Upazila Health Complex,10002188,Sylhet,Sylhet,Jaintiapur,subdistrict,25.136217,92.12638249999999,2381.718392036376
Jaldhaka Upazila Health Complex,10001455,Rangpur,Nilphamari,Jaldhaka,subdistrict,26.0233955,89.0058327,3353.2138025952704
Jamalganj Upazila Health Complex,10002150,Sylhet,Sunamganj,Jamalganj,subdistrict,24.9983704,91.23606579999999,2842.0931755339493
Jamalpur 250 Beded General Hospital,10000208,Mymensingh,Jamalpur,Jamalpur Sadar,district,24.9407085,89.93395799999999,4729.794666432991
Jassore 250 bed General Hospital,10013096,Khulna,Jashore,Jashore Sadar,district,23.1687959,89.20915869999999,2237.244103735604
Jhalokathi District Hospital,10002025,Barishal,Jhalokathi,Jhalokathi Sadar,district,22.6863517,90.3614666,3225.4400958373176
Jhenaidah District Hospital,10001776,Khulna,Jhenaidah,Jhenaidah Sadar,district,23.5306696,89.17223659999999,2341.327013281129
Jhenaigati Upazila Health Complex,10000565,Mymensingh,Sherpur,Jhenaigati,subdistrict,25.1824278,90.0664437,3503.542873868576
Jhikargacha Upazila Health Complex,10001759,Khulna,Jashore,Jhikargacha,subdistrict,23.0999066,89.0991083,3491.2699685190914
Jibannagar Upazila Health Complex,10001734,Khulna,Chuadanga,Jibannagar,subdistrict,23.4266939,88.82359939999999,2303.9654765655378
Joypurhat District Hospital,10001298,Rajshahi,Joypurhat,Joypurhat Sadar,district,25.0916036,89.0489814,2241.7248037645304
Juraichari Upazila Health Complex,10001074,Chattogram,Rangamati,Juraichari,subdistrict,22.7244254,92.3805678,285.638129982961
Juri Upazila Health Complex,10002097,Sylhet,Maulvibazar,Juri,subdistrict,24.6074066,92.1269468,2530.2488336258416
Kabirhat Upazila Health Complex,10001041,Chattogram,Noakhali,Kabirhat,subdistrict,22.7956429,91.1989169,3540.3024347140904
Kachua Upazila Health Complex,10000715,Chattogram,Chandpur,Kachua,subdistrict,23.340233,90.88992139999999,4566.721841643686
Kachua Upazila Health Complex,10002206,Khulna,Bagerhat,Kachua,subdistrict,23.340233,90.88992139999999,4566.721841643686
Kahaloo Upazila Health Complex,10001128,Rajshahi,Bogura,Kahaloo,subdistrict,24.8319344,89.2693498,6733.8430368362615
Kaharol Upazila Health Complex,10001227,Rangpur,Dinajpur,Kaharole,subdistrict,25.7934093,88.6069425,2861.4016330947024
Kalai Upazila Health Complex,10001301,Rajshahi,Joypurhat,Kalai,subdistrict,25.0800353,89.19916119999999,2740.5153591304697
Kalapara Upazila Health Complex,10002042,Barishal,Patuakhali,Kalapara,subdistrict,21.9874973,90.2183345,2219.7359818152286
Kalaroa Upazila Health Complex,10001918,Khulna,Satkhira,Kalaroa,subdistrict,22.8604031,89.0363302,3239.039446420171
Kalia Upazila Health Complex,10001904,Khulna,Narail,Kalia,subdistrict,23.0411777,89.63590339999999,1651.6024878822318
Kaliakair Upazila Health Complex,10000141,Dhaka,Gazipur,Kaliakair,subdistrict,24.0664694,90.20948589999999,3635.5749032150215
"Kaliganj Upazila Health Complex, Gazipur",10000144,Dhaka,Gazipur,Kaliganj,subdistrict,23.9240559,90.57015419999999,3062.2222797505797
"Kaliganj Upazila Health Complex, Jhenaidah.",10002213,Khulna,Jhenaidah,Kaliganj,subdistrict,23.4029033,89.1430606,2226.0115337638995
"Kaliganj Upazila Health Complex, Lalmonirhat.",10002207,Rangpur,Lalmonirhat,Kaliganj,subdistrict,25.9679222,89.2073321,2294.0533756314717
"Kaliganj Upazila Health Complex, Satkhira.",10002212,Khulna,Satkhira,Kaliganj,subdistrict,22.4630952,89.02480349999999,2913.7330390861794
Kalihati Upazila Health Complex,10000613,Dhaka,Tangail,Kalihati,subdistrict,24.3900372,89.9896531,4371.951147710978
Kalkini Upazila Health Complex,10000258,Dhaka,Madaripur,Kalkini,subdistrict,23.0748425,90.2289366,3056.336496382747
Kalmakanda Upazila Health Complex,10000472,Mymensingh,Netrakona,Kalmakanda,subdistrict,25.0738598,90.89306619999999,1943.2847383754238
Kalukhali Upazila Health Complex,10000511,Dhaka,Rajbari,Kalukhali,subdistrict,23.7653703,89.48563039999999,2861.1840373904324
Kamalganj Upazila Health Complex,10002101,Sylhet,Maulvibazar,Kamalganj,subdistrict,24.3661161,91.8554594,3133.7612895176885
Kamarkhanda Upazila Health Complex,10001630,Rajshahi,Sirajganj,Kamarkhanda,subdistrict,24.3931712,89.65340289999999,5584.7465994842
Kamolnagar Upazila Health Complex,10000992,Chattogram,Lakshmipur,Kamalnagar,subdistrict,22.7939502,90.8658322,4542.731298278336
Kanaighat Upazila Health Complex,10002189,Sylhet,Sylhet,Kanaighat,subdistrict,25.0120631,92.2558595,3217.607382093464
Kapasia Upazila Health Complex,10000146,Dhaka,Gazipur,Kapasia,subdistrict,24.1216248,90.56842270000001,4219.369074280306
Kaptai Upazila Health Complex,10001076,Chattogram,Rangamati,Kaptai,subdistrict,22.499721,92.1377387,2058.940159838886
Karimganj Upazila Health Complex,10000236,Dhaka,Kishoreganj,Karimganj,subdistrict,24.4658876,90.8718332,4949.701408971637
Kashba Upazila Health Complex,10000678,Chattogram,Brahmanbaria,Kasba,subdistrict,23.7484476,91.1389749,4304.263303074466
Kashiani Upazila Health Complex,10000167,Dhaka,Gopalganj,Kashiani,subdistrict,23.2365898,89.71891959999999,2143.457137568324
Kathalia Upazila Health Complex,10002027,Barishal,Jhalokathi,Kanthalia,subdistrict,22.3520173,90.0802212,2524.8662854673835
Katiadi Upazila Health Complex,10000241,Dhaka,Kishoreganj,Katiadi,subdistrict,24.2444284,90.7978258,3469.7477080239623
Kawkhali Upazila Health Complex,10001077,Chattogram,Rangamati,Kowkhali,subdistrict,22.6203254,90.0624261,3771.5930816094237
Kawkhali Upazila Health Complex,10002056,Barishal,Pirojpur,Kawkhali,subdistrict,22.6203254,90.0624261,3771.5930816094237
Kazipur Upazila Health Complex,10001633,Rajshahi,Sirajganj,Kazipur,subdistrict,24.6373105,89.6446204,3151.007458012314
Kendua Upazila Health Complex,10000482,Mymensingh,Netrakona,Kendua,subdistrict,24.6532945,90.8241221,2381.471871031831
Keraniganj Upazila Health Complex,10000074,Dhaka,Dhaka,Keraniganj,subdistrict,23.7064049,90.34714760000001,30951.55954302796
Keshabpur Upazila Health Complex,10001760,Khulna,Jashore,Keshabpur,subdistrict,22.9092303,89.2133973,5227.067343856561
Khagrachari District Hospital,10000976,Chattogram,Khagrachari,Khagrachari Sadar,district,23.1078056,91.9931579,950.3072019912064
Khaliajuri Upazila Health Complex,10000486,Mymensingh,Netrakona,Khaliajuri,subdistrict,24.687275,91.1319264,1042.1000350141655
Khansama Upazila Health Complex,10001230,Rangpur,Dinajpur,Khansama,subdistrict,25.8681559,88.7809582,2992.4917422449657
Khetlal Upazila Health Complex,10001303,Rajshahi,Joypurhat,Khetlal,subdistrict,25.0381326,89.1246986,3025.9296968508697
Khoksha Upazila Health Complex,10001842,Khulna,Kushtia,Khoksa,subdistrict,23.8101766,89.288138,2452.676814309786
"Khulna 250 Bed General Hospital, Khulna",10001805,Khulna,Khulna,Khulna Sadar,district,22.8281662,89.5371409,5792.63061069867
Khulna Medical College Hospital,10001807,Khulna,Khulna,Sonadanga,tertiary,22.8281662,89.5371409,4213.501891082341
Kishoreganj 250 Bed District Sadar Hospital,10000243,Dhaka,Kishoreganj,Kishoreganj Sadar,district,24.4331227,90.7865655,3935.7824755399824
Kishoreganj Upazila Health Complex,10001459,Rangpur,Nilphamari,Kishoreganj,subdistrict,25.8992894,89.0124063,3633.2713528264626
Kotchandpur Upazila Health Complex,10001780,Khulna,Jhenaidah,Kotchandpur,subdistrict,23.4114561,89.0054244,2368.761717236629
Kotwalipara Upazila Health Complex,10000173,Dhaka,Gopalganj,Kotalipara,subdistrict,22.9863772,90.00462399999999,2330.865555348753
Kownia Upazila Health Complex,10001580,Rangpur,Rangpur,Kaunia,subdistrict,25.7746905,89.42382339999999,2961.3133744030692
Koyra Upazila Health Complex,10001817,Khulna,Khulna,Koyra,subdistrict,22.4586429,89.2801437,2123.1815010336823
Kulaura Upazila Health Complex,10002106,Sylhet,Maulvibazar,Kulaura,subdistrict,24.5280084,92.03864689999999,3605.9857811224547
Kuliarchar Upazila Health Complex,10000246,Dhaka,Kishoreganj,Kuliarchar,subdistrict,24.1573607,90.9289026,3662.3984809738995
Kumarkhali Upazila Health Complex,10001848,Khulna,Kushtia,Kumarkhali,subdistrict,23.8605042,89.2382519,4814.511778695899
Kurigram 250 bed District Hospital,10001317,Rangpur,Kurigram,Kurigram Sadar,district,25.8072414,89.6294746,3279.8975286900286
Kushtia 250 bed General Hospital,10001862,Khulna,Kushtia,Kushtia Sadar,district,23.9011989,89.12426409999999,3907.49971124352
Kutubdia Upazila Health Complex,10000924,Chattogram,Cox's Bazar,Kutubdia,subdistrict,21.8185107,91.8528884,3886.2043220587766
Lakhai Upazila Health Complex,10002085,Sylhet,Habiganj,Lakhai,subdistrict,24.2890528,91.25586229999999,3181.728765385314
Laksham Upazila Health Complex,10000892,Chattogram,Cumilla,Laksam,subdistrict,23.2339429,91.1177264,7198.212594781446
Lakshmichari Upazila Health Complex,10000978,Chattogram,Khagrachari,Lakshmichari,subdistrict,22.7961681,91.91236640000001,515.5726563907061
Lakshmipur District Hospital,10001001,Chattogram,Lakshmipur,Lakshmipur Sadar,district,22.9445334,90.98853679999999,3978.702273987404
Lalmai Upazila Health Complex,10025367,Chattogram,Cumilla,Lalmi,subdistrict,23.3385932,91.14362080000001,7330.068038399332
Lalmohan Upazila Health Complex,10002015,Barishal,Bhola,Lalmohan,subdistrict,22.346653,90.7339765,3850.7802319560874
Lalmonirhat District Hospital,10001353,Rangpur,Lalmonirhat,Lalmonirhat Sadar,district,25.9202287,89.45557660000001,3101.358042632209
Lalpur Upazila Health Complex,10001426,Rajshahi,Natore,Lalpur,subdistrict,24.1772071,88.96203220000001,2785.7013088552962
Lama Upazila Health Complex,10000656,Chattogram,Bandarban,Lama,subdistrict,21.7737612,92.1947359,1360.3956340256004
Langadu Upazila Health Complex,10001080,Chattogram,Rangamati,Langadu,subdistrict,22.9669729,92.2007605,555.2813266068688
Lohagara Upazila Health Complex,10000792,Chattogram,Chattogram,Lohagara,subdistrict,23.1841516,89.6476686,2244.0080079982877
Lohagara Upazila Health Complex,10002211,Khulna,Narail,Lohagara,subdistrict,23.1841516,89.6476686,2244.0080079982877
Louhajang Upazila Health Complex,10000323,Dhaka,Munshiganj,Lohajang,subdistrict,23.4786428,90.3422982,3572.476534567736
M Abdur Rahim Medical College Hospital,10002288,Rangpur,Dinajpur,Dinajpur Sadar,tertiary,25.611899,88.65397899999999,2882.103149143292
Madan Upazila Health Complex,10000488,Mymensingh,Netrakona,Madan,subdistrict,24.7166957,90.9453231,2519.708341083934
Madarganj Upazila Health Complex,10000212,Mymensingh,Jamalpur,Madarganj,subdistrict,24.8802883,89.7567693,3639.7680428567733
Madaripur District Hospital,10000263,Dhaka,Madaripur,Madaripur Sadar,district,23.1653896,90.21206480000001,2893.856973156773
Madhabpur Upazila Health Complex,10002088,Sylhet,Habiganj,Madhabpur,subdistrict,24.0972948,91.28759889999999,4274.557207505168
Magura District Hospital,10001876,Khulna,Magura,Magura Sadar,district,23.4863665,89.4215122,2189.7227557186384
Manda Upazila Health Complex,10001382,Rajshahi,Naogaon,Manda,subdistrict,24.758601,88.71154729999999,2135.7124763461975
Manikchari Upazila Health Complex,10000979,Chattogram,Khagrachari,Manikchari,subdistrict,22.8497025,91.84156209999999,847.6980190157581
Manikganj 250 Bed District Hospital,10000297,Dhaka,Manikganj,Manikganj Sadar,district,23.8692057,90.0006545,3322.4084188649663
Manpura Upazila Health Complex,10002017,Barishal,Bhola,Manpura,subdistrict,22.258083,90.96668489999999,694.9679089736478
Mathbaria Upazila Health Complex,10002058,Barishal,Pirojpur,Mathbaria,subdistrict,22.2857109,89.9536359,2681.8382455451183
Matiranga Upazila Health Complex,10000983,Chattogram,Khagrachari,Matiranga,subdistrict,23.0395632,91.8755134,1113.4447164633477
Matlab(daxin) Upazila Health Complex,10000721,Chattogram,Chandpur,Matlab Dakshin,subdistrict,23.3481591,90.7050964,5040.258051266342
Matlab(uttar) Upazila Health Complex,10000725,Chattogram,Chandpur,Matlab Uttar,subdistrict,23.4422394,90.645147,2833.0441169201517
Meghna Upazila Health Complex,10000893,Chattogram,Cumilla,Meghna,subdistrict,23.6289684,90.69302239999999,2661.5695843491712
Mehendiganj Upazila Health Complex,10001988,Barishal,Barishal,Mehendiganj,subdistrict,22.8271862,90.52725919999999,3057.896966005834
Meherpur 250 bed District Hospital,10001898,Khulna,Meherpur,Meherpur Sadar,district,23.7783545,88.6423945,2475.2122996399635
Melandah Upazila Health Complex,10000218,Mymensingh,Jamalpur,Melandaha,subdistrict,24.9821864,89.835955,4755.598131904454
Mirpur Upazila Health Complex,10001870,Khulna,Kushtia,Mirpur,subdistrict,23.9312905,88.9966056,5565.622467350847
Mirsharai Upazila Health Complex,10000794,Chattogram,Chattogram,Mirsharai,subdistrict,22.8406921,91.5467961,3174.4030567144387
Mirzaganj Upazila Health Complex,10002048,Barishal,Patuakhali,Mirzaganj,subdistrict,22.3598968,90.21699219999999,3092.5701287583106
Mirzapur Upazila Health Complex,10000619,Dhaka,Tangail,Mirzapur,subdistrict,24.146499,90.0202292,2874.610158331917
Mithamoin Upazila Health Complex,10000249,Dhaka,Kishoreganj,Mithamain,subdistrict,24.4150926,91.05150599999999,3039.552453581287
Mithapukur Upazila Health Complex,10001591,Rangpur,Rangpur,Mithapukur,subdistrict,25.5717691,89.27509549999999,3930.1081578533126
Modhukhali Upazila Health Complex,10000113,Dhaka,Faridpur,Madhukhali,subdistrict,23.3916388,89.68525749999999,3153.3797063329066
"Modhupur Upazila Health Complex, Tangail.",10000629,Dhaka,Tangail,Madhupur,subdistrict,24.6087098,90.02609110000002,4738.575707038383
Mohadevpur Upazila Health Complex,10001388,Rajshahi,Naogaon,Mahadebpur,subdistrict,24.9215972,88.7508778,2701.7125496919775
Mohalchari Upazila Health Complex,10000986,Chattogram,Khagrachari,Mahalchari,subdistrict,22.937729,92.0310691,569.1226754303718
Mohammadpur Upazila Health Complex,10001882,Khulna,Magura,Mohammadpur,subdistrict,23.3996622,89.582769,2447.754753859232
Mohanganj Upazila  Health  Complex,10000489,Mymensingh,Netrakona,Mohanganj,subdistrict,24.8789388,90.9825149,2028.9873716490395
Mohanpur Upazila Health Complex,10001543,Rajshahi,Rajshahi,Mohanpur,subdistrict,24.5549788,88.6473491,4832.95853758115
Moheshkhali Upazila Health Complex,10000926,Chattogram,Cox's Bazar,Maheshkhali,subdistrict,21.5834097,91.929468,3341.2558226298565
Moheshpur Upazila Health Complex,10001785,Khulna,Jhenaidah,Maheshpur,subdistrict,23.3619368,88.9249224,2253.960773612147
Mollahat Upazila Health Complex,10001706,Khulna,Bagerhat,Mollahat,subdistrict,22.9275399,89.8017596,2060.6378761705023
Mongla Upazila Health Complex,10001707,Khulna,Bagerhat,Mongla,subdistrict,22.4942196,89.6016171,2390.164936876867
Monirampur Upazila Health Complex,10001763,Khulna,Jashore,Monirampur,subdistrict,23.008817,89.2352525,4889.530635527787
Monohardi Upazila Health Complex,10000443,Dhaka,Narsingdi,Manohardi,subdistrict,24.1502347,90.70006769999999,2284.7593514401733
Monoharganj Upazila Health Complex,10000897,Chattogram,Cumilla,Monoharganj,subdistrict,23.153882,91.058448,3931.609318394119
Morrelganj Upazila Health Complex,10001708,Khulna,Bagerhat,Morrelganj,subdistrict,22.4562842,89.8648338,2458.8653194651733
Moulvibazar 250 bed District Sadar Hospital,10002116,Sylhet,Maulvibazar,Maulvibazar Sadar,tertiary,24.4813033,91.76596169999999,2764.4964536454368
"Mugda 500 Bed General Hospital, Dhaka",10013720,Dhaka,Dhaka,Mugda Para,tertiary,23.7315171,90.42946200000002,9567.771959673713
Mujibnagar Upazila Health Complex,10001902,Khulna,Meherpur,Mujibnagar,subdistrict,23.6694403,88.6034729,2522.195603368238
Mukshedpur Upazila Health Complex,10000181,Dhaka,Gopalganj,Muksudpur,subdistrict,23.3194117,89.8724368,2792.5683844709215
Muktagacha Upazila Health Complex,10000387,Mymensingh,Mymensingh,Muktagacha,subdistrict,24.7616698,90.270377,6924.294584707346
Muladi Upazila Health Complex,10001991,Barishal,Barishal,Muladi,subdistrict,22.9122405,90.4081885,3677.738970628436
Munshiganj 250 bed District Hospital,10000328,Dhaka,Munshiganj,Munshiganj Sadar,district,23.4980931,90.41266209999999,4214.78851791509
Muradnagar Upazila Health Complex,10000903,Chattogram,Cumilla,Muradnagar,subdistrict,23.6401853,90.9317536,5472.022718404682
Mymensingh Medical College Hospital,10000397,Mymensingh,Mymensingh,Mymensingh Sadar,tertiary,24.7415322,90.4089228,4622.896111804688
Nabiganj Upazila Health Complex,10002094,Sylhet,Habiganj,Nabiganj,subdistrict,24.5634199,91.5142679,2974.763836226375
Nabinagar Upazila Health Complex,10000682,Chattogram,Brahmanbaria,Nabinagar,subdistrict,23.8861958,90.9677571,3947.0758529616787
Nachol Upazila Health Complex,10001168,Rajshahi,Chapai Nawabganj,Nachole,subdistrict,24.7326602,88.4137279,1627.841458647527
Nagarkanda Upazila Health Complex,10000120,Dhaka,Faridpur,Nagarkanda,subdistrict,23.420866,89.89422429999999,3643.803645820633
Nagarpur Upazila Health Complex,10000634,Dhaka,Tangail,Nagarpur,subdistrict,24.0504217,89.8740449,2375.4626332856
Nageswari Upazila Health Complex,10001322,Rangpur,Kurigram,Nageshwari,subdistrict,25.9648811,89.6893056,4066.9070667442643
Naikhongchari Upazila Health Complex,10000658,Chattogram,Bandarban,Naikhongchari,subdistrict,21.4275365,92.1734243,1127.1955585289418
Nakhla Upazila Health Complex,10000567,Mymensingh,Sherpur,Nakla,subdistrict,24.9670008,90.1832834,2840.7786273823735
Nalchiti  Upazila Health Complex,10002028,Barishal,Jhalokathi,Nalchity,subdistrict,22.6343517,90.2697803,3460.671080585166
Nalitabari Upazila Health Complex,10000568,Mymensingh,Sherpur,Nalitabari,subdistrict,25.0935546,90.1890143,2617.312977544542
Nandail Upazila Health Complex,10000404,Mymensingh,Mymensingh,Nandail,subdistrict,24.5659377,90.68990339999999,3075.3588116431292
Nandigram Upazila Health Complex,10001135,Rajshahi,Bogura,Nandigram,subdistrict,24.6476462,89.2438969,1625.6002318383855
Nangolkot Upazila Health Complex,10002223,Chattogram,Cumilla,Nangalkot,subdistrict,23.1709671,91.1986256,6231.319561047993
Naniarchar Upazila Health Complex,10001083,Chattogram,Rangamati,Naniarchar,subdistrict,22.862167,92.1106617,516.7261057971723
Naogaon District Hospital,10001394,Rajshahi,Naogaon,Naogaon Sadar,district,24.8229713,88.9381339,2561.519114489444
Narail District Hospital,10001913,Khulna,Narail,Narail Sadar,district,23.1721187,89.49930669999999,2110.585040203706
Narayanganj 300 Bed Hospital,10000425,Dhaka,Narayanganj,Narayanganj Sadar,tertiary,23.6265177,90.5078152,8414.283149635983
Narayanganj General (Victoria) Hospital,10000427,Dhaka,Narayanganj,Narayanganj Sadar,district,23.6084011,90.50326590000002,10935.780562318334
Naria Upazila Health Complex,10000551,Dhaka,Shariatpur,Naria,subdistrict,23.3085294,90.4285328,3248.4794004801515
Narsingdi District Hospital,10000452,Dhaka,Narsingdi,Narsingdi Sadar,district,23.9299304,90.7026636,3859.290212689156
Nasirnagar Upazila Health Complex,10000691,Chattogram,Brahmanbaria,Nasirnagar,subdistrict,24.1938903,91.19561379999999,3570.951080769852
Natore District Hospital,10001433,Rajshahi,Natore,Natore Sadar,district,24.4098158,88.9836138,3223.6539310218977
Nawabganj Upazila Health Complex,10000080,Dhaka,Dhaka,Nawabganj,subdistrict,23.6566436,90.1645685,4179.243527031022
Nawabganj Upazila Health Complex,10002232,Rangpur,Dinajpur,Nawabganj,subdistrict,23.6566436,90.1645685,4179.243527031022
Nazirpur Upazila Health Complex,10002061,Barishal,Pirojpur,Nazirpur,subdistrict,22.7086728,89.96810789999999,2374.9620689582653
Netrokona District Hospital,10000496,Mymensingh,Netrakona,Netrokona Sadar,district,24.8715569,90.7320982,3254.6288650608813
Niamatpur Upazila Health Complex,10001395,Rajshahi,Naogaon,Niamatpur,subdistrict,24.8298601,88.5747841,2214.182396295828
Nikli Upazila Health Complex,10000250,Dhaka,Kishoreganj,Nikli,subdistrict,24.32586,90.9335328,3816.5332401953565
Nilphamari District Hospital,10001464,Rangpur,Nilphamari,Nilphamari Sadar,district,25.9490764,88.8358417,3370.627035285398
Noakhali 250 Bed General Hospital,10001049,Chattogram,Noakhali,Noakhali Sadar,district,22.8725498,91.08850179999999,3448.2751266248315
Paba Upazila Health Complex,10001547,Rajshahi,Rajshahi,Paba,subdistrict,24.443884,88.5547879,20471.04243112222
Paikgacha Upazila Health Complex,10001824,Khulna,Khulna,Paikgacha,subdistrict,22.5935295,89.3183857,2267.3544349656845
Pakundia Upazila Health Complex,10000252,Dhaka,Kishoreganj,Pakundia,subdistrict,24.3292883,90.6793802,3797.0839651137435
Palash Upazila Health Complex,10000456,Dhaka,Narsingdi,Palash,subdistrict,23.9741677,90.65981479999999,4421.95550027869
Palashbari Upazila Health Complex,10001272,Rangpur,Gaibandha,Palashbari,subdistrict,25.2871676,89.3675445,3063.101095885541
Panchagarh District Hospital,10001514,Rangpur,Panchagarh,Panchagarh Sadar,district,26.3318393,88.5556768,1894.983910090823
Panchari Upazila Health Complex,10000988,Chattogram,Khagrachari,Panchhari,subdistrict,23.2964904,91.9002744,854.9805887361649
Panchbibi Upazila Health Complex,10001305,Rajshahi,Joypurhat,Panchbibi,subdistrict,25.1943459,89.0409292,2857.1373797795986
Pangsha Upazila Health Complex,10000518,Dhaka,Rajbari,Pangsha,subdistrict,23.7906675,89.4255979,2212.824171773345
Parbatipur Upazila Health Complex,10001238,Rangpur,Dinajpur,Parbatipur,subdistrict,25.6325889,88.91953269999999,2858.6118274351725
Parsuram Upazila Health Complex,10000961,Chattogram,Feni,Parshuram,subdistrict,23.211628,91.4449793,3108.8780529669475
Patgram Upazila Health Complex,10001355,Rangpur,Lalmonirhat,Patgram,subdistrict,26.3492592,89.01643949999999,1810.4493613618931
Patharghata Upazila Health Complex,10001947,Barishal,Barguna,Patharghata,subdistrict,22.0328467,89.96656589999999,2747.5256009161444
Patiya Upazila Health Complex,10000802,Chattogram,Chattogram,Patiya,subdistrict,22.2997122,91.970264,12272.205219391015
Patnitala Upazila Health Complex,10001402,Rajshahi,Naogaon,Patnitala,subdistrict,25.0497551,88.755563,2347.5643297246684
Patuakhali 250 bed Sadar Hospital,10002051,Barishal,Patuakhali,Patuakhali Sadar,district,22.3622664,90.3269921,2904.9606509640157
Pekua Upazila Health Complex,10000928,Chattogram,Cox's Bazar,Pekua,subdistrict,21.8155496,91.95391060000001,4113.753484005723
Phulpur Upazila Health Complex,10000362,Mymensingh,Mymensingh,Phulpur,subdistrict,24.9486478,90.36453790000002,4283.62629754824
Pirgacha Upazila Health Complex,10001594,Rangpur,Rangpur,Pirgachha,subdistrict,25.6562282,89.41125679999999,3128.455274102207
Pirganj Upazila Health Complex,10001603,Rangpur,Rangpur,Pirganj,subdistrict,25.4178819,89.3109818,2658.4789780819806
Pirganj Upazila Health Complex,10002231,Rangpur,Thakurgaon,Pirganj,subdistrict,25.4178819,89.3109818,2658.4789780819806
Pirojpur District Hospital,10002067,Barishal,Pirojpur,Pirojpur Sadar,district,22.5789637,89.97664499999999,2741.318508760414
Porsha Upazila Health Complex,10001405,Rajshahi,Naogaon,Porsha,subdistrict,25.0227385,88.4554124,1794.7770423572879
Purbadhala Upazila Health Complex,10000500,Mymensingh,Netrakona,Purbadhala,subdistrict,24.9476991,90.6013237,2848.9865296752037
Puthia Upazila Health Complex,10001551,Rajshahi,Rajshahi,Puthia,subdistrict,24.3715361,88.83679,3604.007335195762
Raiganj Upazila Health Complex,10001636,Rajshahi,Sirajganj,Royganj,subdistrict,24.4997791,89.5308903,3659.1463752288923
Raipur Upazila Health Complex,10001003,Chattogram,Lakshmipur,Roypur,subdistrict,23.0311867,90.7662052,4745.1424583802345
Raipura Upazila Health Complex,10000458,Dhaka,Narsingdi,Roypura,subdistrict,24.0001157,90.8623005,3763.7847613974695
Rajapur Upazila Health Complex,10002029,Barishal,Jhalokathi,Rajapur,subdistrict,22.5695257,90.1334115,2975.5279588622097
Rajarhat Upazila Health Complex,10001327,Rangpur,Kurigram,Rajarhat,subdistrict,25.8082105,89.54475099999999,3320.819687708031
Rajbari District Hospital,10000536,Dhaka,Rajbari,Rajbari Sadar,district,23.7495843,89.6473056,2245.157132223261
Rajibpur Upazila Health Complex,10001330,Rangpur,Kurigram,Rajibpur,subdistrict,25.4443694,89.7909808,3329.6379383923154
Rajnagar Upazila Health Complex,10002119,Sylhet,Maulvibazar,Rajnagar,subdistrict,24.5277064,91.85295149999999,3601.189518006275
Rajoir Upazila Health Complex,10000270,Dhaka,Madaripur,Rajoir,subdistrict,23.2083584,90.0485525,2635.738425728922
Rajshahi Medical College Hospital,10001560,Rajshahi,Rajshahi,Rajpara,tertiary,24.372019,88.5864259,6175.195984745211
Ramganj Upazila Health Complex,10001011,Chattogram,Lakshmipur,Ramganj,subdistrict,23.0924019,90.8609381,4132.328421763719
Ramgarh Upazila Health Complex,10000991,Chattogram,Khagrachari,Ramgarh,subdistrict,22.9878443,91.73918189999999,843.6688392411457
Ramgati Upazila Health Complex,10001019,Chattogram,Lakshmipur,Ramgati,subdistrict,22.6483641,90.9258133,1518.0227293090177
Rampal Upazila Health Complex,10001710,Khulna,Bagerhat,Rampal,subdistrict,22.5877107,89.6497052,3422.6123925048923
Ramu Upazila Health Complex,10000931,Chattogram,Cox's Bazar,Ramu,subdistrict,21.4448546,92.1000821,3389.647326666266
Rangabali Upazila Health Complex,10013107,Barishal,Patuakhali,Rangabali,subdistrict,21.9040401,90.4125181,210.64191636353743
Rangamati General Hospital,10001088,Chattogram,Rangamati,Rangamati Sadar,district,22.6580983,92.1685304,987.8317029517127
Rangpur Medical College Hospital,10001618,Rangpur,Rangpur,Rangpur Sadar,tertiary,25.7670127,89.2315632,3317.66326101393
Rangunia Upazila Health Complex,10000813,Chattogram,Chattogram,Rangunia,subdistrict,22.4226451,91.98652179999999,5314.352842631568
Raninagar Upazila Health Complex,10001412,Rajshahi,Naogaon,Raninagar,subdistrict,24.7422435,88.9602373,3137.475170961716
Ranisankhail Upazila Health Complex,10001678,Rangpur,Thakurgaon,Ranisankail,subdistrict,25.9010503,88.2541796,2746.7970781291438
Raozan Upazila Health Complex,10000817,Chattogram,Chattogram,Raozan,subdistrict,22.5172697,91.9298601,3530.604236207496
Rowangchari Upazila Health Complex,10000659,Chattogram,Bandarban,Rowangchari,subdistrict,22.1784311,92.33769799999999,339.8505782879885
Rowmari Upazila Health Complex,10001333,Rangpur,Kurigram,Raumari,subdistrict,25.5718988,89.8325047,3135.548315988354
Ruma Upazila Health Complex,10000660,Chattogram,Bandarban,Ruma,subdistrict,22.0473551,92.40744049999999,259.9051302795129
Rupganj Upazila Health Complex,10000430,Dhaka,Narayanganj,Rupganj,subdistrict,23.7993877,90.52711149999999,9910.422203020811
Rupsha Upazila Health Complex,10001826,Khulna,Khulna,Rupsa,subdistrict,22.8223637,89.550115,18832.48831275131
Sadullapur Upazila Health Complex,10001279,Rangpur,Gaibandha,Sadullapur,subdistrict,25.3892813,89.4684573,5239.251469928573
Saharasthi Upazila Health Complex,10000727,Chattogram,Chandpur,Shahrasti,subdistrict,23.2285233,90.94952889999999,4738.573770310022
Saidpur Upazila Health Complex,10001470,Rangpur,Nilphamari,Saidpur,subdistrict,25.7836638,88.89539420000001,2993.13882000399
Saltha Upazila Health Complex,10013106,Dhaka,Faridpur,Saltha,subdistrict,23.4328101,89.7825682,3895.3171051735208
Sandwip Upazila Health Complex,10000829,Chattogram,Chattogram,Sandwip,subdistrict,22.5438922,91.4705992,6828.75237368839
Santhia Upazila Health Complex,10001493,Rajshahi,Pabna,Santhia,subdistrict,24.0535687,89.54820740000001,3291.762786738071
Sapahar Upazila Health Complex,10001415,Rajshahi,Naogaon,Sapahar,subdistrict,25.1238569,88.58747919999999,2175.5858848189487
Sarail Upazila Health Complex,10000694,Chattogram,Brahmanbaria,Sarail,subdistrict,24.0713662,91.1182569,6110.864220344093
Sarankhola Upazila Health Complex,10001712,Khulna,Bagerhat,Sarankhola,subdistrict,22.3128846,89.84993329999999,2303.797661234846
Sariakandi Upazila Health Complex,10001140,Rajshahi,Bogura,Sariakandi,subdistrict,24.8936019,89.57363629999999,3272.447897137397
Sarishabari Upazila Health Complex,10000220,Mymensingh,Jamalpur,Sarishabari,subdistrict,24.7552498,89.83585219999999,3165.949972704585
Sarsa Upazila Health Complex,10001768,Khulna,Jashore,Sharsha,subdistrict,23.054194,88.989513,4252.699051823455
Satkania Upazila Health Complex,10000835,Chattogram,Chattogram,Satkania,subdistrict,22.0852863,92.054419,7630.336285210052
Satkhira 250 bed Medical College Hospital,10024591,Khulna,Satkhira,Satkhira Sadar,district,22.6901577,89.0469437,3758.69716722179
Satkhira District Hospital,10001926,Khulna,Satkhira,Satkhira Sadar,district,22.7223116,89.068737,3868.237922308363
Saturia Upazila Health Complex,10000303,Dhaka,Manikganj,Saturia,subdistrict,23.9729721,90.0361533,2618.105726004683
Savar Upazila Health Complex,10000083,Dhaka,Dhaka,Savar,subdistrict,23.8385698,90.24762989999999,10744.194864142815
Senbag Upazila Health Complex,10001056,Chattogram,Noakhali,Senbagh,subdistrict,22.9954916,91.2336158,3076.656403535795
Serajdikhan Upazila Health Complex,10000333,Dhaka,Munshiganj,Serajdikhan,subdistrict,23.5496776,90.38749039999999,5320.163073655872
Shaheed Ahsan Ullah Master General Hospital,10000129,Dhaka,Gazipur,Gazipur Sadar,tertiary,23.8933902,90.4022109,9839.11142742932
Shaheed Suhrawardy Medical College Hospital,10000051,Dhaka,Dhaka,Sher-e-bangla Nagar,tertiary,23.7692146,90.3713616,9998.562216723205
"Shaheed Ziaur Rahman Medical College Hospital, Bogra",10001111,Rajshahi,Bogura,Bogura Sadar,tertiary,24.8279041,89.35293879999999,3469.0568213859638
Shahzadpur Upazila Health Complex,10001656,Rajshahi,Sirajganj,Shahjadpur,subdistrict,24.1567056,89.5690892,4437.497040122509
Shailkupa Upazila Health Complex,10001790,Khulna,Jhenaidah,Shailkupa,subdistrict,23.6813144,89.2462735,1896.9392613199775
Shakipur Upazila Health Complex,10000640,Dhaka,Tangail,Sakhipur,subdistrict,24.3164679,90.170626,2373.6481452249554
Shalikha Upazila Health Complex,10001885,Khulna,Magura,Shalikha,subdistrict,23.3033389,89.375142,1977.3803651906856
Shariatpur District Hospital,10000559,Dhaka,Shariatpur,Shariatpur Sadar,district,23.2116043,90.3484297,3190.945375503855
"Sheikh Hasina Medical College Hospital, Tangail",10024593,Dhaka,Tangail,Tangail Sadar,tertiary,24.2636082,89.92414850000002,3347.3448581964835
Sher-e-bangla Medical College Hospital,10001978,Barishal,Barishal,Barishal Sadar,tertiary,22.6863517,90.3614666,3200.5782924821906
Sherpur District Hospital,10000576,Mymensingh,Sherpur,Sherpur Sadar,district,25.0182375,90.024633,4201.368466258351
Sherpur Upazila Health Complex,10001147,Rajshahi,Bogura,Sherpur,subdistrict,24.6659425,89.41576320000001,3470.014812115843
Shibalaya Upazila Health Complex,10000307,Dhaka,Manikganj,Shibalaya,subdistrict,23.8461945,89.8214775,2644.910160551344
Shibchar Upazila Health Complex,10000274,Dhaka,Madaripur,Shibchar,subdistrict,23.3433746,90.17042239999999,3068.422420734848
Shibganj Upazila Health Complex,10001156,Rajshahi,Bogura,Shibganj,subdistrict,25.0053701,89.3164683,4493.9196535597785
Shibganj Upazila Health Complex,10002210,Rajshahi,Chapai Nawabganj,Shibganj,subdistrict,25.0053701,89.3164683,4493.9196535597785
Shibpur Upazila Health Complex,10000461,Dhaka,Narsingdi,Shibpur,subdistrict,24.0371778,90.7326197,3948.908799143024
Shyamnagar Upazila Health Complex,10001928,Khulna,Satkhira,Shyamnagar,subdistrict,22.3436556,89.102396099999993,2974.045154976195
Singair Upazila Health Complex,10000312,Dhaka,Manikganj,Singair,subdistrict,23.8136016,90.13056189999999,3131.2663900160996
Singra Upazila Health Complex,10001438,Rajshahi,Natore,Singra,subdistrict,24.5135066,89.1463035,1966.4092276312836
Sir Salimullah Medical College Hospital,10000056,Dhaka,Dhaka,Kotwali,tertiary,23.7105117,90.40213089999999,9431.2064242237
Sirajganj 250 Bed  Bongamata Sheikh Fazilatunnesa Mujib General Hospital,10001648,Rajshahi,Sirajganj,Sirajganj Sadar,district,24.4584857,89.7111754,4000.8009845703573
Sitakunda Upazila Health Complex,10000838,Chattogram,Chattogram,Sitakunda,subdistrict,22.6095985,91.664723,3125.872816035408
Sonagazi Upazila Health Complex,10000969,Chattogram,Feni,Sonagazi,subdistrict,22.8501032,91.39655979999999,2763.591843374408
Sonaimuri Upazila Health Complex,10001061,Chattogram,Noakhali,Sonaimuri,subdistrict,23.0026044,91.0955188,2891.706261736225
Sonargaon Upazila Health Complex,10000435,Dhaka,Narayanganj,Sonargaon,subdistrict,23.6471325,90.6167565,7304.0878164969845
Sonatala Upazila Health Complex,10001159,Rajshahi,Bogura,Sonatola,subdistrict,25.0370877,89.4972226,3654.9697240592354
Sreemangal Upazila Health Complex,10002125,Sylhet,Maulvibazar,Sreemangal,subdistrict,24.3008631,91.7371524,2647.6360644834554
Sreenagar Upazila Health Complex,10000341,Dhaka,Munshiganj,Sreenagar,subdistrict,23.5500127,90.29016899999999,3759.424254483068
Sreepur Upazila Health Complex,10000151,Dhaka,Gazipur,Sreepur,subdistrict,24.1999809,90.4726482,5825.851442278483
Sreepur Upazila Health Complex,10002208,Khulna,Magura,Sreepur,subdistrict,24.1999809,90.4726482,5825.851442278483
Sribordi Upazila health Complex,10000578,Mymensingh,Sherpur,Sreebardi,subdistrict,25.149808,89.934806,3819.542169729524
Subarnachar Upazila Health Complex,10001064,Chattogram,Noakhali,Subarnachar,subdistrict,22.7056335,91.10667699999999,2301.8284507039193
Sujanagar Upazila Health Complex,10001495,Rajshahi,Pabna,Sujanagar,subdistrict,23.9387637,89.4094767,1714.3223760005421
Sulla Upazila Health Complex,10002152,Sylhet,Sunamganj,Sulla,subdistrict,24.687275,91.1319264,1042.1000350141655
Sunamganj 250 bed District Sadar Hospital,10002157,Sylhet,Sunamganj,Sunamganj Sadar,district,25.0647035,91.4108072,3252.0779195697046
Sundarganj Upazila Health Complex,10001286,Rangpur,Gaibandha,Sundarganj,subdistrict,25.5647332,89.5193852,2857.7599949551563
Sylhet MAG Osmani Medical College Hospital,10002195,Sylhet,Sylhet,Sylhet Sadar,tertiary,24.9015007,91.8539274,3229.1865184177473
Sylhet Shahid Shamsuddin Ahmed District Hospital,10002196,Sylhet,Sylhet,Sylhet Sadar,district,24.8991849,91.86724,3958.217277171066
Taherpur Upazila Health Complex,10002160,Sylhet,Sunamganj,Tahirpur,subdistrict,25.0990489,91.1755002,2041.0419327144725
Tajumuddin Upazila Health Complex,10002018,Barishal,Bhola,Tazumuddin,subdistrict,22.4101607,90.84994119999999,3755.058255486021
Tala Upazila Health Complex,10001930,Khulna,Satkhira,Tala,subdistrict,22.7509368,89.2599362,2407.2510422493065
Tangail 250 Bed District Hospital,10000647,Dhaka,Tangail,Tangail Sadar,district,24.263342,89.9255878,3567.326249393477
Tanore Upazila Health Complex,10001571,Rajshahi,Rajshahi,Tanore,subdistrict,24.575285,88.5751026,4973.512026166845
Taraganj Upazila Health Complex,10001622,Rangpur,Rangpur,Taraganj,subdistrict,25.8107123,89.0310069,3774.0895429480884
Tarail Upazila Health Complex,10000253,Dhaka,Kishoreganj,Tarail,subdistrict,24.5502507,90.8874775,2824.969018381216
Tarash Upazila Health Complex,10001662,Rajshahi,Sirajganj,Tarash,subdistrict,24.4346473,89.3776149,1906.1636987537086
Teknaf Upazila Health Complex,10000934,Chattogram,Cox's Bazar,Teknaf,subdistrict,20.8753498,92.29659439999999,1630.0018945373251
Terokhada Upazila Health Complex,10001828,Khulna,Khulna,Terokhada,subdistrict,22.928258,89.672511,1720.6394403652923
Tetulia Upazila Health Complex,10001518,Rangpur,Panchagarh,Tentulia,subdistrict,26.5170069,88.4306955,860.5748088791269
Thakurgaon District Hospital,10001687,Rangpur,Thakurgaon,Thakurgaon Sadar,district,26.0190812,88.4669352,2150.8548751903577
Thanchi Upazila Health Complex,10000661,Chattogram,Bandarban,Thanchi,subdistrict,21.8238459,92.4386306,107.9769541103587
Titas Upazila Health Complex,10000914,Chattogram,Cumilla,Titas,subdistrict,23.595969,90.79633439999999,4333.912564877047
Trisal Upazila Health Complex,10000409,Mymensingh,Mymensingh,Trishal,subdistrict,24.5779015,90.3946564,6183.817778334888
Tungibari Upazila Health Complex,10000347,Dhaka,Munshiganj,Tongibari,subdistrict,23.5118889,90.46616019999999,5368.484389788194
Tungipara Upazila Health Complex,10000182,Dhaka,Gopalganj,Tungipara,subdistrict,22.8941127,89.88953790000001,2505.582137650363
Ukhia Upazila Health Complex,10000939,Chattogram,Cox's Bazar,Ukhia,subdistrict,21.2551704,92.1278782,1478.343162156393
Ulipur Upazila Health Complex,10001338,Rangpur,Kurigram,Ulipur,subdistrict,25.6565077,89.6243298,3182.4745147550625
Ullapara Upazila Health Complex,10001667,Rajshahi,Sirajganj,Ullahpara,subdistrict,24.3374458,89.5313268,4354.886806431827
Wazirpur Upazila Health Complex,10001997,Barishal,Barishal,Wazirpur,subdistrict,22.8273908,90.25151629999999,3751.652137251239
Zanjira Upazila Health Complex,10000563,Dhaka,Shariatpur,Zanjira,subdistrict,22.9109195,90.6232171,2023.2681319459741
Zokiganj Upazila Health Complex,10002204,Sylhet,Sylhet,Zakiganj,subdistrict,24.8836812,92.3643505,3396.949768324335
