org_name,org_code,division,district,upazila,org_lvl,wt,LAT,LON
Abhoynagar Upazila Health Complex,10001737,Khulna,Jashore,Abhaynagar,subdistrict,0.7666014453428109,23.0221697,89.395584
Adamdighi Upazila Health Complex,10001095,Rajshahi,Bogura,Adamdighi,subdistrict,0.7989139414408372,24.8222349,89.044119
Aditmari Upazila Health Complex,10001339,Rangpur,Lalmonirhat,Aditmari,subdistrict,0.7753446044167116,25.9255186,89.3439373
Agailjhara Upazila Health Complex,10001948,Barishal,Barishal,Agailjhara,subdistrict,0.8628311031493524,22.9634888,90.1831576
Ajmiriganj Upazila Health Complex,10002074,Sylhet,Habiganj,Ajmiriganj,subdistrict,0.8969343835685025,24.5522744,91.2346678
Akhaura Upazila Health Complex,10000663,Chattogram,Brahmanbaria,Akhaura,subdistrict,0.8505352807528086,23.8643892,91.2032366
Akkelpur Upazila Health Complex,10001289,Rajshahi,Joypurhat,Akkelpur,subdistrict,0.825684061376557,24.9674097,89.02301130000001
Alamdanga Upazila Health Complex,10001719,Khulna,Chuadanga,Alamdanga,subdistrict,0.9194559393749941,23.7885968,88.9029102
Alfadanga Upazila Health Complex,10000085,Dhaka,Faridpur,Alfadanga,subdistrict,0.8978174588250064,23.2946288,89.7071758
Alikadam Upazila Health Complex,10000652,Chattogram,Bandarban,Alikadam,subdistrict,0.8355199128356758,21.6523964,92.31191799999999
Amtali Upazila Health Complex,10001933,Barishal,Barguna,Amtali,subdistrict,1.7397735520813737,22.1303784,90.2301825
Anwara Upazila Health Complex,10000729,Chattogram,Chattogram,Anowara,subdistrict,1.1687743838091371,22.2243276,91.88901829999999
Araihazar Upazila Health Complex,10000415,Dhaka,Narayanganj,Araihazar,subdistrict,0.6533518885622713,23.7905186,90.6606522
Ashugonj Upazila Health Complex,10000665,Chattogram,Brahmanbaria,Ashuganj,subdistrict,0.8096795814241557,24.0640154,90.9868276
Assasuni Upazila Health Complex,10001914,Khulna,Satkhira,Assasuni,subdistrict,0.9313114962127038,22.5470483,89.1776775
Atgharia Upazila Health Complex,10001472,Rajshahi,Pabna,Atgharia,subdistrict,0.7051857989268236,24.1147584,89.24300559999999
Atpara Upazila Health Complex,10000466,Mymensingh,Netrakona,Atpara,subdistrict,0.8112856475537733,24.8099522,90.86200269999999
Atrai Upazila Health Complex,10001363,Rajshahi,Naogaon,Atrai,subdistrict,0.8213960611169502,24.611162,88.97819969999999
Atwari Upazila Health Complex,10001500,Rangpur,Panchagarh,Atwari,subdistrict,0.7594604230298997,26.2371141,88.4092577
Austagram Upazila Health Complex,10000223,Dhaka,Kishoreganj,Austagram,subdistrict,1.2111335769475726,24.2733317,91.1032314
Babuganj Upazila Health Complex,10001955,Barishal,Barishal,Babuganj,subdistrict,0.8880455325470292,22.8264539,90.3082433
Badalgachi Upazila Health Complex,10001370,Rajshahi,Naogaon,Badalgachhi,subdistrict,0.799678956797212,24.9607274,88.90577669999999
Badarganj Upazila Health Complex,10001575,Rangpur,Rangpur,Badarganj,subdistrict,0.8292619146919543,25.673455,89.0493125
Bagerhat District Hospital,10001693,Khulna,Bagerhat,Bagerhat Sadar,district,0.935281046610111,22.7955887,89.8726916
Bagha Upazila Health Complex,10001527,Rajshahi,Rajshahi,Bagha,subdistrict,0.9387428519515298,24.1987913,88.8378535
Baghaichari Upazila Health Complex,10001067,Chattogram,Rangamati,Baghaichari,subdistrict,0.8650941416878077,22.9669729,92.2007605
Bagherpara Upazila Health Complex,10001741,Khulna,Jashore,Bagherpara,subdistrict,0.7384802867425886,23.2191034,89.34433419999999
Bagmara Upazila Health Complex,10001523,Rajshahi,Rajshahi,Baghmara,subdistrict,0.9224768820316473,24.5594502,88.80393579999999
Bahubal Upazila Health Complex,10002075,Sylhet,Habiganj,Bahubal,subdistrict,0.9605602885301078,24.3391251,91.5381503
Bajitpur Upazila Health Complex,10000227,Dhaka,Kishoreganj,Bajitpur,subdistrict,0.8096177937861956,24.2139055,90.96489319999999
Bakerganj Upazila Health Complex,10001963,Barishal,Barishal,Bakerganj,subdistrict,0.8997020759861349,22.5388143,90.34633219999999
Bakshiganj Upazila Health Complex,10000188,Mymensingh,Jamalpur,Bakshiganj,subdistrict,0.973976987366864,25.177373,89.87068239999999
Balaganj Upazila Health Complex,10002164,Sylhet,Sylhet,Balaganj,subdistrict,0.8979289462964389,24.6550741,91.83655759999999
Baliadangi Upazila Health Complex,10001671,Rangpur,Thakurgaon,Baliadangi,subdistrict,0.6175915176976634,26.0967079,88.2763784
Baliakandi Upazila Health Complex,10000505,Dhaka,Rajbari,Baliakandi,subdistrict,0.8259247459132412,23.6320888,89.5494684
Bamna Upazila Health Complex,10001937,Barishal,Barguna,Bamna,subdistrict,1.1105287085350695,22.3097209,90.0929304
Banaripara Upazila Health Complex,10001966,Barishal,Barishal,Banaripara,subdistrict,0.8750810521632675,22.7795615,90.160325
Bancharampur Upazila Health Complex,10000667,Chattogram,Brahmanbaria,Banchharampur,subdistrict,0.7930205701963712,23.7712295,90.80182529999999
Bandar Upazila Health Complex,10000420,Dhaka,Narayanganj,Bandar,subdistrict,0.6041491473635288,23.6290652,90.52533919999999
Bandarban District Hospital,10000655,Chattogram,Bandarban,Bandarban Sadar,district,0.9642305755635857,22.1896135,92.2264957
Baniachong Upazila Health Complex,10002077,Sylhet,Habiganj,Baniachong,subdistrict,0.9270780019081257,24.5043556,91.363973
Banshkhali Upazila Health Complex,10000734,Chattogram,Chattogram,Banshkhali,subdistrict,1.3001982191498436,22.0017357,91.9503596
Baraigram Upazila Health Complex,10001421,Rajshahi,Natore,Baraigram,subdistrict,0.8172735725165073,24.3121676,89.16629840000002
Barguna District Hospital,10001943,Barishal,Barguna,Barguna Sadar,district,1.4375943868782994,22.156242,90.12789
Barhatta Upazila Health Complex,10000468,Mymensingh,Netrakona,Barhatta,subdistrict,0.8076407814187118,24.8978283,90.8872695
Barisal General Hospital,10001972,Barishal,Barishal,Barishal Sadar,district,0.8911739398243883,22.7086412,90.37027479999999
Barkal Upazila Health Complex,10001070,Chattogram,Rangamati,Barkal,subdistrict,0.8798285559501974,22.7244254,92.3805678
Barlekha Upazila Health Complex,10002096,Sylhet,Maulvibazar,Barlekha,subdistrict,0.871988228351088,24.6937111,92.1849536
Barura Upazila Health Complex,10000842,Chattogram,Cumilla,Barura,subdistrict,0.9477028488345646,23.3768341,91.05928689999999
Basail Upazila Health Complex,10000581,Dhaka,Tangail,Basail,subdistrict,0.683147636788839,24.2290094,90.05453469999999
Batiaghata Upazila Health Complex,10001792,Khulna,Khulna,Batiaghata,subdistrict,1.2492790847315411,22.7386876,89.51466429999999
Bauphal Upazila Health Complex,10002033,Barishal,Patuakhali,Bauphal,subdistrict,0.9672655545114461,22.4145776,90.56198289999999
Beanibazar Upazila Health Complex,10002172,Sylhet,Sylhet,Beanibazar,subdistrict,0.8667449387494633,24.8285578,92.16258470000001
Begumganj Upazila Health Complex,10001028,Chattogram,Noakhali,Begumganj,subdistrict,0.41948572115065585,22.9439053,91.11057249999999
Belabo Upazila Health Complex,10000436,Dhaka,Narsingdi,Belabo,subdistrict,0.5977173503398252,24.1066467,90.8514301
Belaichari Upazila Health Complex,10001072,Chattogram,Rangamati,Belaichari,subdistrict,0.8891098260830942,22.3622596,92.49999179999999
Belkuchi Upazila Health Complex,10001624,Rajshahi,Sirajganj,Belkuchi,subdistrict,0.7504290784310794,24.2948402,89.69601589999999
Bera Upazila Health Complex,10001476,Rajshahi,Pabna,Bera,subdistrict,0.714928566046626,24.0776786,89.61486430000001
Betagi Upazila Health Complex,10001945,Barishal,Barguna,Betagi,subdistrict,0.9616415700642169,22.4136076,90.1601787
Bhairab Upazila Health Complex,10000230,Dhaka,Kishoreganj,Bhairab,subdistrict,0.8096795814241557,24.0640154,90.9868276
Bhandaria Upazila Health Complex,10002055,Barishal,Pirojpur,Bhandaria,subdistrict,0.9512897654928606,22.4897195,90.0589013
Bhanga Upazila Health Complex,10000089,Dhaka,Faridpur,Bhanga,subdistrict,0.9620270357352891,23.3827255,89.9810529
Bhangura Upazila Health Complex,10001473,Rajshahi,Pabna,Bhangura,subdistrict,0.7003170664995947,24.2127755,89.3781084
Bhedarganj Upazila Health Complex,10000541,Dhaka,Shariatpur,Bhedarganj,subdistrict,0.8447476178784104,23.1977488,90.4476433
Bheramara Upazila Health Complex,10001830,Khulna,Kushtia,Bheramara,subdistrict,0.9193966708627537,24.0325349,89.0048949
Bhola District Hospital,10002002,Barishal,Bhola,Bhola Sadar,district,1.0185481747913925,22.6757402,90.6557361
Bholahat Upazila Health Complex,10001163,Rajshahi,Chapai Nawabganj,Bholahat,subdistrict,0.843383027700687,24.9363316,88.22329529999999
Bhuapur Upazila Health Complex,10000586,Dhaka,Tangail,Bhuapur,subdistrict,0.8152409293756246,24.4629235,89.8746932
Bhurungamari Upazila Health Complex,10001308,Rangpur,Kurigram,Bhurungamari,subdistrict,0.853552893823663,26.119676,89.6648689
Bijoynagar Upazila Health Complex,10013108,Chattogram,Brahmanbaria,Bijoynagar,subdistrict,0.9069477388021205,24.0141859,91.2265536
Birampur Upazila Health Complex,10001189,Rangpur,Dinajpur,Birampur,subdistrict,0.7620238743069186,25.3952853,88.98730169999999
Birganj Upazila Health Complex,10001193,Rangpur,Dinajpur,Birganj,subdistrict,0.8392964198327045,25.880177,88.6358944
Birol Upazila Health Complex,10001200,Rangpur,Dinajpur,Biral,subdistrict,0.8399708196953439,25.636288,88.5539635
Bishwanath Upazila Health Complex,10002177,Sylhet,Sylhet,Bishwanath,subdistrict,0.8737629663644775,24.839986,91.7248377
Biswambarpur Upazila Health Complex,10002127,Sylhet,Sunamganj,Bishwambarpur,subdistrict,0.873332388420948,25.0987573,91.299939
Boalkhali Upazila Health Complex,10000740,Chattogram,Chattogram,Boalkhali,subdistrict,0.9921584962034401,22.3744591,91.9192144
Boalmari Upazila Health Complex,10000095,Dhaka,Faridpur,Boalmari,subdistrict,0.8735181947252072,23.3916388,89.68525749999999
Bochaganj Upazila Health Complex,10001201,Rangpur,Dinajpur,Bochaganj,subdistrict,0.823976220183186,25.7999526,88.4665782
Boda Upazila Health Complex,10001502,Rangpur,Panchagarh,Boda,subdistrict,0.8742311240222713,26.2026511,88.554039
Bogra 250 bed Mohammad Ali District Hospital,10001109,Rajshahi,Bogura,Bogura Sadar,tertiary,0.8449514616158309,24.8356039,89.3741702
Borhanuddin Upazila Health Complex,10002004,Barishal,Bhola,Burhanuddin,subdistrict,1.264065545685624,22.4963235,90.718772
Brahmanbaria 250 Bed District Sadar Hospital,10000672,Chattogram,Brahmanbaria,Brahmanbaria Sadar,district,0.8619628190550935,23.9762236,91.11117180000001
Brahmanpara Upazila Health Complex,10000846,Chattogram,Cumilla,Brahmanpara,subdistrict,0.8053529797467056,23.6133333,91.0943145
Burichong Upazila Health Complex,10000847,Chattogram,Cumilla,Burichang,subdistrict,0.7944498349026525,23.5570703,91.1270572
Chaddagram Upazila Health Complex,10000852,Chattogram,Cumilla,Chauddagram,subdistrict,0.7710815905554788,23.2237444,91.3137728
Chakaria Upazila Health Complex,10000918,Chattogram,Cox's Bazar,Chakaria,subdistrict,0.9046950883249222,21.7617554,92.0746398
Chandanaish Upazila Health Complex,10000748,Chattogram,Chattogram,Chandanaish,subdistrict,1.0552641964847813,22.2114681,92.0101031
Chandina Upazila Health Complex,10000857,Chattogram,Cumilla,Chandina,subdistrict,0.7453306160191975,23.4882887,90.9984257
Chandpur 250 Bed General Hospital,10000700,Chattogram,Chandpur,Chandpur Sadar,district,0.8120807260082467,23.2231817,90.6530009
Chapai Nababganj District Hospital,10001186,Rajshahi,Chapai Nawabganj,Chapai Nababganj Sadar,district,0.9314489512535001,24.5980828,88.26547479999999
Charbhadrason Upazila Health Complex,10000098,Dhaka,Faridpur,Char Bhadrasan,subdistrict,0.8658127331129241,23.563364,90.0004371
Charfession Upazila Health Complex,10002006,Barishal,Bhola,Charfession,subdistrict,0.884793587958699,22.1840322,90.7630241
Charghat Upazila Health Complex,10001528,Rajshahi,Rajshahi,Charghat,subdistrict,1.1524437762068975,24.2805649,88.7507528
Chatkhil Upazila Health Complex,10001031,Chattogram,Noakhali,Chatkhil,subdistrict,0.6034900304826311,23.0600994,90.9696512
Chatmohar Upazila Health Complex,10001479,Rajshahi,Pabna,Chatmohar,subdistrict,0.7239263961148759,24.2327452,89.2869509
Chhagalnaya Upazila Health Complex,10000942,Chattogram,Feni,Chhagalnaiya,subdistrict,0.9096617256852789,23.0388683,91.51629559999999
Chhatak Upazila Health Complex,10002130,Sylhet,Sunamganj,Chhatak,subdistrict,0.858591158420641,25.0345323,91.6681278
Chilmari Upazila Health Complex,10001313,Rangpur,Kurigram,Chilmari,subdistrict,1.047716032769971,25.5812227,89.66001829999999
Chirirbandar Upazila Health Complex,10001203,Rangpur,Dinajpur,Chirirbandar,subdistrict,0.8492108874311913,25.6506696,88.7725449
Chitalmari Upazila Health Complex,10001696,Khulna,Bagerhat,Chitalmari,subdistrict,0.9168480620692585,22.7954188,89.8731677
Chittagong 250 Bed General Hospital,10000753,Chattogram,Chattogram,Kotwali,district,1.0430738859603583,22.3406339,91.8377319
Chittagong Medical College Hospital,10000756,Chattogram,Chattogram,Panchlaish,tertiary,1.0168196624568822,22.3592709,91.8308045
Chowgacha Upazila Health Complex,10001744,Khulna,Jashore,Chaugacha,subdistrict,0.8088502719459724,23.2594433,89.02491169999999
Chowhali Upazila Health Complex,10001629,Rajshahi,Sirajganj,Chauhali,subdistrict,0.7199683218473272,24.072394,89.7567693
Chuadanga District Hospital,10001723,Khulna,Chuadanga,Chuadanga Sadar,district,0.8641409875010732,23.617779,88.8733006
"Chunarughat Upazila Health Complex, Hobigonj.",10002078,Sylhet,Habiganj,Chunarughat,subdistrict,0.9194650306434605,24.1993876,91.51859309999999
Comilla General Hospital,10000864,Chattogram,Cumilla,Cumilla Adarsha Sadar,district,0.861393823139413,23.4499746,91.1782827
Comilla Sadar Daxin Upazila Health Complex,10000862,Chattogram,Cumilla,Cumilla Sadar Dakshin,subdistrict,0.8555721350531889,23.4547096,91.1812348
Companiganj Upazila Health Complex,10001033,Chattogram,Noakhali,Companiganj,subdistrict,0.8545536702416778,25.0855552,91.7566198
Companiganj Upazila Health Complex,10002209,Sylhet,Sylhet,Companiganj,subdistrict,0.8545536702416778,25.0855552,91.7566198
Cox's Bazar 250 Bed District Sadar Hospital,10000922,Chattogram,Cox's Bazar,Cox's Bazar Sadar,district,0.8196241346304899,21.4409036,91.9766003
Cumilla Medical College Hospital,10000867,Chattogram,Cumilla,Cumilla Adarsha Sadar,tertiary,0.8376622055892081,23.4515415,91.2029603
Dacope Upazila Health Complex,10001794,Khulna,Khulna,Dacope,subdistrict,1.761936360268114,22.5994035,89.5176149
Daganbhuiya Upazila Health Complex,10000946,Chattogram,Feni,Daganbhuiyan,subdistrict,0.8574623025032158,22.8501032,91.39655979999999
Dakhin Surma Upazila Health Complex,10002243,Sylhet,Sylhet,Dakshin Surma,subdistrict,0.8702905270191463,24.8292266,91.9010356
Dakshin Sunamganj Upazila Health Complex,10002134,Sylhet,Sunamganj,Dakshin Sunamganj,subdistrict,0.8580523213443934,25.0658556,91.4094135
Damudya Upazila Health Complex,10000544,Dhaka,Shariatpur,Damudya,subdistrict,0.8510746198218951,23.1379536,90.44286699999999
Damurhuda Upazila Health Complex,10001731,Khulna,Chuadanga,Damurhuda,subdistrict,0.863475178911795,23.613707,88.7635289
Dashmina Upazila Health Complex,10002034,Barishal,Patuakhali,Dashmina,subdistrict,0.9395662414308351,22.2825494,90.5645059
Daudkandi Upazila Health Complex,10000875,Chattogram,Cumilla,Daudkandi,subdistrict,0.657039539089447,23.5297817,90.7834439
Daulatkhan Upazila Health Complex,10002008,Barishal,Bhola,Daulatkhan,subdistrict,1.361220155101174,22.6051058,90.7458551
Daulatpur Upazila Health Complex,10000277,Dhaka,Manikganj,Daulatpur,subdistrict,0.777282217252175,23.9663768,89.82928489999999
Daulatpur Upazila Health Complex,10002214,Khulna,Kushtia,Daulatpur,subdistrict,0.777282217252175,23.9663768,89.82928489999999
Debidwar Upazila Health Complex,10000883,Chattogram,Cumilla,Debidwar,subdistrict,0.7637548523730928,23.6035733,90.9883407
Debiganj Upazila Health Complex,10001506,Rangpur,Panchagarh,Debiganj,subdistrict,0.8871742370432658,26.1163162,88.7557933
Delduar Upazila Health Complex,10000591,Dhaka,Tangail,Delduar,subdistrict,0.6170953850547686,24.1641829,89.96865939999999
Derai Upazila Health Complex,10002136,Sylhet,Sunamganj,Derai,subdistrict,0.8734709285504332,24.8473266,91.2339315
Dewanganj Upazila Health Complex,10000191,Mymensingh,Jamalpur,Dewanganj,subdistrict,0.9609911754899769,25.1617691,89.75889869999999
Dhaka Medical College Hospital,10000033,Dhaka,Dhaka,Shahbagh,tertiary,0.685784013779007,23.7256553,90.3970882
Dhamrai Upazila Health Complex,10000064,Dhaka,Dhaka,Dhamrai,subdistrict,0.7711383484123936,23.9135162,90.2275441
Dhanbari Upazila Health Complex,10000595,Dhaka,Tangail,Dhanbari,subdistrict,0.9149738035041705,24.6898613,89.9542883
Dharmapasha Upazila Health Complex,10002138,Sylhet,Sunamganj,Dharampasha,subdistrict,0.8199579170314701,24.9034455,91.0056735
Dhubaura Upazila Health Complex,10000355,Mymensingh,Mymensingh,Dhobaura,subdistrict,0.7157594276285633,25.0902996,90.5137506
Dhunat Upazila Health Complex,10001115,Rajshahi,Bogura,Dhunat,subdistrict,0.8368482237186091,24.6916734,89.535905
Dhupchachia Upazila Health Complex,10001117,Rajshahi,Bogura,Dhupchanchia,subdistrict,0.8374278764958641,24.8761591,89.1723974
Dighalia Upazila Health Complex,10001797,Khulna,Khulna,Dighalia,subdistrict,1.304100712963762,22.8730466,89.52459859999999
Dighinala Upazila Health Complex,10000973,Chattogram,Khagrachari,Dighinala,subdistrict,0.884544223709138,23.2495553,92.0666729
Dimla Upazila Health Complex. Nilphamari,10001442,Rangpur,Nilphamari,Dimla,subdistrict,0.8541556972366611,26.1572451,88.92477269999999
Dinajpur 250 bed General Hospital,10001214,Rangpur,Dinajpur,Dinajpur Sadar,district,0.8378775153228478,25.6258212,88.63687589999999
Doarabazar Upazila Health Complex,10002143,Sylhet,Sunamganj,Dowarabazar,subdistrict,0.8572991450573331,25.0428276,91.567837
Dohar Upazila Health Complex,10000069,Dhaka,Dhaka,Dohar,subdistrict,0.8424352732633069,23.6157665,90.12273909999999
Domar Upazila Health Complex,10001450,Rangpur,Nilphamari,Domar,subdistrict,0.8654778124943359,26.1140528,88.85360229999999
Dumki Upazila Health Complex,10002035,Barishal,Patuakhali,Dumki,subdistrict,0.9252211130438305,22.4706533,90.3836524
Dumuria Upazila Health Complex,10001799,Khulna,Khulna,Dumuria,subdistrict,1.1390404109048766,22.8098382,89.4100684
Durgapur Upazila Health Complex,10000470,Rajshahi,Rajshahi,Durgapur,subdistrict,0.7797311472908813,25.1282929,90.6786839
Durgapur Upazila Health Complex,10002304,Mymensingh,Netrakona,Durgapur,subdistrict,0.7797311472908813,25.1282929,90.6786839
Fakirhat Upazila Health Complex,10001701,Khulna,Bagerhat,Fakirhat,subdistrict,1.0611284084949966,22.7778718,89.70012779999999
Faridganj Upazila Health Complex,10000706,Chattogram,Chandpur,Faridganj,subdistrict,0.8261396167872976,23.122725,90.7545435
Faridpur General Hospital,10000105,Dhaka,Faridpur,Faridpur Sadar,district,0.8645027699406745,23.6049185,89.83647409999999
Faridpur Medical College Hospital,10000108,Dhaka,Faridpur,Faridpur Sadar,tertiary,0.8690820674415046,23.5880489,89.8352342
Faridpur Upazila Health Complex,10001481,Rajshahi,Pabna,Faridpur,subdistrict,0.7280019688860415,24.1605862,89.4570565
Fatikchari Upazila Health Complex,10000781,Chattogram,Chattogram,Fatikchari,subdistrict,0.9053398677352746,22.6366553,91.7952699
Fenchuganj Upazila Health Complex,10002181,Sylhet,Sylhet,Fenchuganj,subdistrict,0.8921359385596446,24.6970174,91.93832689999999
Feni 250 Bed District Sadar Hospital,10000954,Chattogram,Feni,Feni Sadar,district,0.7775260170421339,23.0159132,91.39758309999999
Fulbari Upazila Health Complex,10001220,Rangpur,Dinajpur,Fulbari,subdistrict,0.7902156302841199,25.5015095,88.9487077
Fulbari Upazila Health Complex,10002235,Rangpur,Kurigram,Phulbari,subdistrict,0.7902156302841199,25.5015095,88.9487077
Fulbaria Upazila Health Complex,10000358,Mymensingh,Mymensingh,Fulbaria,subdistrict,1.113361052451512,24.6265478,90.2792457
Fulchari Upazila Health Complex,10001244,Rangpur,Gaibandha,Fulchhari,subdistrict,0.9556506129754097,25.2480253,89.57703889999999
Fulgazi Upazila Health Complex,10000960,Chattogram,Feni,Fulgazi,subdistrict,0.865299665409247,23.1058338,91.4321219
Fultala Upazila Health Complex,10001801,Khulna,Khulna,Phultala,subdistrict,1.0588699146421026,22.9572429,89.4807699
Gabtali Upazila Health Complex,10001122,Rajshahi,Bogura,Gabtali,subdistrict,0.8481056579152765,24.878177,89.4492502
Gaibandha District Hospital,10001254,Rangpur,Gaibandha,Gaibandha Sadar,district,1.0009918502150006,25.3259361,89.5493315
Galachipa Upazila Health Complex,10002039,Barishal,Patuakhali,Galachipa,subdistrict,1.1393743924285993,22.1659553,90.4204714
Gangachara Upazila Health Complex,10001579,Rangpur,Rangpur,Gangachara,subdistrict,0.7593857002115494,25.8544999,89.2219824
Gangni Upazila Health Complex,10001891,Khulna,Meherpur,Gangni,subdistrict,0.8651495596255357,23.8163155,88.7443078
Gazaria Upazila Health Complex,10000317,Dhaka,Munshiganj,Gazaria,subdistrict,0.6485163885379965,23.5529662,90.65290999999999
Ghatail Upazila Health Complex,10000601,Dhaka,Tangail,Ghatail,subdistrict,0.8204758672921552,24.4843994,89.97355449999999
Ghior Upazila Health Complex,10000281,Dhaka,Manikganj,Ghior,subdistrict,0.8164845678859406,23.891514,89.87653
Ghoraghat Upazila Health Complex,10001224,Rangpur,Dinajpur,Ghoraghat,subdistrict,0.7850695118002116,25.256138,89.2399243
Goalanda Upazila Health Complex,10000508,Dhaka,Rajbari,Goalanda,subdistrict,0.8412329631747092,23.723911,89.7469229
Gobindaganj Upazila Health Complex,10001265,Rangpur,Gaibandha,Gobindaganj,subdistrict,0.8495599575533571,25.1425361,89.38607449999999
Godagari Upazila Health Complex,10001539,Rajshahi,Rajshahi,Godagari,subdistrict,1.3551727490093985,24.3969518,88.4107301
Gofargaon Upazila Health Complex,10000369,Mymensingh,Mymensingh,Gaffargaon,subdistrict,1.0784537666998646,24.4627428,90.54507319999999
Golapganj Upazila Health Complex,10002182,Sylhet,Sylhet,Golapganj,subdistrict,0.8727387680775237,24.8321998,92.02894580000002
Gomastapur Upazila Health Complex,10001167,Rajshahi,Chapai Nawabganj,Gomastapur,subdistrict,0.8411552415091266,24.8179161,88.3237791
Gopalganj 250 bed General Hospital,10002233,Dhaka,Gopalganj,Gopalganj Sadar,district,0.9333923232219113,22.9982121,89.8190072
Gopalpur Upazila Health Complex,10000607,Dhaka,Tangail,Gopalpur,subdistrict,0.8457049419563563,24.5498899,89.92717809999999
Goshairhat Upazila Health Complex,10000546,Dhaka,Shariatpur,Gosairhat,subdistrict,0.8506930031627187,23.078989,90.42886829999999
Gouripur Upazila Health Complex,10000373,Mymensingh,Mymensingh,Gauripur,subdistrict,0.8432609313193352,24.7708597,90.5693264
Gournadi Upazila Health Complex,10001982,Barishal,Barishal,Gaurnadi,subdistrict,0.8625129585178225,22.9619447,90.2259318
Gowainghat Upazila Health Complex,10002186,Sylhet,Sylhet,Gowainghat,subdistrict,0.8759889011596602,25.0895214,91.9798191
Gurudashpur Upazila Health Complex,10001424,Rajshahi,Natore,Gurudaspur,subdistrict,0.7922887040515632,24.3688168,89.2370634
"Habiganj District Hospital, Habiganj",10002071,Sylhet,Habiganj,Habiganj Sadar,district,1.0177182423598736,24.373323,91.41763999999999
Haimchar Upazila Health Complex,10000708,Chattogram,Chandpur,Haimchar,subdistrict,0.8343997862079019,23.0947534,90.6621859
Hakimpur Upazila Health Complex,10001226,Rangpur,Dinajpur,Hakimpur,subdistrict,0.7670236883781435,25.2860578,89.012652
Haluaghat Upazila Health Complex,10000379,Mymensingh,Mymensingh,Haluaghat,subdistrict,0.7711677798515465,25.1183767,90.3386664
Haripur Upazila Health Complex,10001673,Rangpur,Thakurgaon,Haripur,subdistrict,0.7766344768841691,25.8336127,88.13245359999999
Harirampur Upazila Health Complex,10000288,Dhaka,Manikganj,Harirampur,subdistrict,0.8467969312247287,23.7426415,89.9756586
Hathazari Upazila Health Complex,10000786,Chattogram,Chattogram,Hathazari,subdistrict,0.9070075376673711,22.5088437,91.804165
Hatibandha Upazila Health Complex,10001342,Rangpur,Lalmonirhat,Hatibandha,subdistrict,0.7238028012924443,26.1217466,89.1411406
Hatiya Upazila Health Complex,10001037,Chattogram,Noakhali,Hatiya,subdistrict,0.9072902649317893,22.2876868,91.1415992
Hijla Upazila Health Complex,10001984,Barishal,Barishal,Hizla,subdistrict,0.8697971192776424,22.928412,90.44125489999999
Homna Upazila Health Complex,10000887,Chattogram,Cumilla,Homna,subdistrict,0.7597171794215754,23.681142,90.7823501
Hossainpur Upazila Health Complex,10000232,Dhaka,Kishoreganj,Hossainpur,subdistrict,0.941804558966362,24.417774,90.65625849999999
Indurkani Upazila Health Complex,10002069,Barishal,Pirojpur,Indurkani,subdistrict,0.9718423732449224,22.4802276,89.96140369999999
Islampur Upazila Health Complex,10000196,Mymensingh,Jamalpur,Islampur,subdistrict,0.9052318905257052,25.0778469,89.799385
Iswardi Upazila Health Complex,10001482,Rajshahi,Pabna,Ishwardi,subdistrict,0.8361763912047051,24.1271941,89.0715208
Iswarganj Upazila Health Complex,10000383,Mymensingh,Mymensingh,Ishwarganj,subdistrict,0.8337276182223571,24.68995,90.6109697
Itna Upazila Health Complex,10000234,Dhaka,Kishoreganj,Itna,subdistrict,0.9070881161810099,24.5275596,91.09379469999999
Jagannathpur Upazila Health Complex,10002149,Sylhet,Sunamganj,Jagannathpur,subdistrict,0.8520458399807888,24.7789419,91.5634596
Jaintapur Upazila Health Complex,10002188,Sylhet,Sylhet,Jaintiapur,subdistrict,0.8860729658172131,25.136217,92.12638249999999
Jaldhaka Upazila Health Complex,10001455,Rangpur,Nilphamari,Jaldhaka,subdistrict,0.7796884271176194,26.0233955,89.0058327
Jamalganj Upazila Health Complex,10002150,Sylhet,Sunamganj,Jamalganj,subdistrict,0.8787431316887008,24.9983704,91.23606579999999
Jamalpur 250 Beded General Hospital,10000208,Mymensingh,Jamalpur,Jamalpur Sadar,district,0.9045743218000666,24.9407085,89.93395799999999
Jassore 250 bed General Hospital,10013096,Khulna,Jashore,Jashore Sadar,district,0.7108127462886192,23.1687959,89.20915869999999
Jhalokathi District Hospital,10002025,Barishal,Jhalokathi,Jhalokathi Sadar,district,0.8945447751058765,22.6863517,90.3614666
Jhenaidah District Hospital,10001776,Khulna,Jhenaidah,Jhenaidah Sadar,district,0.7455741152365727,23.5306696,89.17223659999999
Jhenaigati Upazila Health Complex,10000565,Mymensingh,Sherpur,Jhenaigati,subdistrict,0.9189065086850747,25.1824278,90.0664437
Jhikargacha Upazila Health Complex,10001759,Khulna,Jashore,Jhikargacha,subdistrict,0.734602661226192,23.0999066,89.0991083
Jibannagar Upazila Health Complex,10001734,Khulna,Chuadanga,Jibannagar,subdistrict,0.833062924509485,23.4266939,88.82359939999999
Joypurhat District Hospital,10001298,Rajshahi,Joypurhat,Joypurhat Sadar,district,0.8183337117275854,25.0916036,89.0489814
Juraichari Upazila Health Complex,10001074,Chattogram,Rangamati,Juraichari,subdistrict,0.8798285559501974,22.7244254,92.3805678
Juri Upazila Health Complex,10002097,Sylhet,Maulvibazar,Juri,subdistrict,0.8973511012692641,24.6074066,92.1269468
Kabirhat Upazila Health Complex,10001041,Chattogram,Noakhali,Kabirhat,subdistrict,0.6873453005304287,22.7956429,91.1989169
Kachua Upazila Health Complex,10000715,Chattogram,Chandpur,Kachua,subdistrict,0.9069911784141262,23.340233,90.88992139999999
Kachua Upazila Health Complex,10002206,Khulna,Bagerhat,Kachua,subdistrict,0.9069911784141262,23.340233,90.88992139999999
Kahaloo Upazila Health Complex,10001128,Rajshahi,Bogura,Kahaloo,subdistrict,0.8450097465395473,24.8319344,89.2693498
Kaharol Upazila Health Complex,10001227,Rangpur,Dinajpur,Kaharole,subdistrict,0.8474444278772664,25.7934093,88.6069425
Kalai Upazila Health Complex,10001301,Rajshahi,Joypurhat,Kalai,subdistrict,0.8511361598714402,25.0800353,89.19916119999999
Kalapara Upazila Health Complex,10002042,Barishal,Patuakhali,Kalapara,subdistrict,1.3317333574781438,21.9874973,90.2183345
Kalaroa Upazila Health Complex,10001918,Khulna,Satkhira,Kalaroa,subdistrict,0.8438272303062081,22.8604031,89.0363302
Kalia Upazila Health Complex,10001904,Khulna,Narail,Kalia,subdistrict,0.9232673648111787,23.0411777,89.63590339999999
Kaliakair Upazila Health Complex,10000141,Dhaka,Gazipur,Kaliakair,subdistrict,0.7941147043784865,24.0664694,90.20948589999999
"Kaliganj Upazila Health Complex, Gazipur",10000144,Dhaka,Gazipur,Kaliganj,subdistrict,0.5436981933671728,23.9240559,90.57015419999999
"Kaliganj Upazila Health Complex, Jhenaidah.",10002213,Khulna,Jhenaidah,Kaliganj,subdistrict,0.7752239545600702,23.4029033,89.1430606
"Kaliganj Upazila Health Complex, Lalmonirhat.",10002207,Rangpur,Lalmonirhat,Kaliganj,subdistrict,0.6666184033078161,25.9679222,89.2073321
"Kaliganj Upazila Health Complex, Satkhira.",10002212,Khulna,Satkhira,Kaliganj,subdistrict,0.8770440473251447,22.4630952,89.02480349999999
Kalihati Upazila Health Complex,10000613,Dhaka,Tangail,Kalihati,subdistrict,0.7578639420848933,24.3900372,89.9896531
Kalkini Upazila Health Complex,10000258,Dhaka,Madaripur,Kalkini,subdistrict,0.8502841739919716,23.0748425,90.2289366
Kalmakanda Upazila Health Complex,10000472,Mymensingh,Netrakona,Kalmakanda,subdistrict,0.8007333983972478,25.0738598,90.89306619999999
Kalukhali Upazila Health Complex,10000511,Dhaka,Rajbari,Kalukhali,subdistrict,0.7370323419415377,23.7653703,89.48563039999999
Kamalganj Upazila Health Complex,10002101,Sylhet,Maulvibazar,Kamalganj,subdistrict,0.9399108594533082,24.3661161,91.8554594
Kamarkhanda Upazila Health Complex,10001630,Rajshahi,Sirajganj,Kamarkhanda,subdistrict,0.7710369084615903,24.3931712,89.65340289999999
Kamolnagar Upazila Health Complex,10000992,Chattogram,Lakshmipur,Kamalnagar,subdistrict,0.7521313904326248,22.7939502,90.8658322
Kanaighat Upazila Health Complex,10002189,Sylhet,Sylhet,Kanaighat,subdistrict,0.884123385948105,25.0120631,92.2558595
Kapasia Upazila Health Complex,10000146,Dhaka,Gazipur,Kapasia,subdistrict,0.6781764017516989,24.1216248,90.56842270000001
Kaptai Upazila Health Complex,10001076,Chattogram,Rangamati,Kaptai,subdistrict,0.8841640772206192,22.499721,92.1377387
Karimganj Upazila Health Complex,10000236,Dhaka,Kishoreganj,Karimganj,subdistrict,0.8462200708877281,24.4658876,90.8718332
Kashba Upazila Health Complex,10000678,Chattogram,Brahmanbaria,Kasba,subdistrict,0.8504941301414165,23.7484476,91.1389749
Kashiani Upazila Health Complex,10000167,Dhaka,Gopalganj,Kashiani,subdistrict,0.9016033165908633,23.2365898,89.71891959999999
Kathalia Upazila Health Complex,10002027,Barishal,Jhalokathi,Kanthalia,subdistrict,1.0311628740299776,22.3520173,90.0802212
Katiadi Upazila Health Complex,10000241,Dhaka,Kishoreganj,Katiadi,subdistrict,0.6525904540466447,24.2444284,90.7978258
Kawkhali Upazila Health Complex,10001077,Chattogram,Rangamati,Kowkhali,subdistrict,0.9161931203905835,22.6203254,90.0624261
Kawkhali Upazila Health Complex,10002056,Barishal,Pirojpur,Kawkhali,subdistrict,0.9161931203905835,22.6203254,90.0624261
Kazipur Upazila Health Complex,10001633,Rajshahi,Sirajganj,Kazipur,subdistrict,0.8419161915529028,24.6373105,89.6446204
Kendua Upazila Health Complex,10000482,Mymensingh,Netrakona,Kendua,subdistrict,0.8121217182726793,24.6532945,90.8241221
Keraniganj Upazila Health Complex,10000074,Dhaka,Dhaka,Keraniganj,subdistrict,0.6252912369620388,23.7064049,90.34714760000001
Keshabpur Upazila Health Complex,10001760,Khulna,Jashore,Keshabpur,subdistrict,0.8092309507341623,22.9092303,89.2133973
Khagrachari District Hospital,10000976,Chattogram,Khagrachari,Khagrachari Sadar,district,0.8536749063979352,23.1078056,91.9931579
Khaliajuri Upazila Health Complex,10000486,Mymensingh,Netrakona,Khaliajuri,subdistrict,0.8596248856241345,24.687275,91.1319264
Khansama Upazila Health Complex,10001230,Rangpur,Dinajpur,Khansama,subdistrict,0.8447962360018658,25.8681559,88.7809582
Khetlal Upazila Health Complex,10001303,Rajshahi,Joypurhat,Khetlal,subdistrict,0.8422883406330227,25.0381326,89.1246986
Khoksha Upazila Health Complex,10001842,Khulna,Kushtia,Khoksa,subdistrict,0.6949326657009536,23.8101766,89.288138
"Khulna 250 Bed General Hospital, Khulna",10001805,Khulna,Khulna,Khulna Sadar,district,1.1475551900624288,22.8281662,89.5371409
Khulna Medical College Hospital,10001807,Khulna,Khulna,Sonadanga,tertiary,1.1097904556377882,22.8281662,89.5371409
Kishoreganj 250 Bed District Sadar Hospital,10000243,Dhaka,Kishoreganj,Kishoreganj Sadar,district,0.8380048821001925,24.4331227,90.7865655
Kishoreganj Upazila Health Complex,10001459,Rangpur,Nilphamari,Kishoreganj,subdistrict,0.800364600030134,25.8992894,89.0124063
Kotchandpur Upazila Health Complex,10001780,Khulna,Jhenaidah,Kotchandpur,subdistrict,0.8301005002341487,23.4114561,89.0054244
Kotwalipara Upazila Health Complex,10000173,Dhaka,Gopalganj,Kotalipara,subdistrict,0.8926239200092319,22.9863772,90.00462399999999
Kownia Upazila Health Complex,10001580,Rangpur,Rangpur,Kaunia,subdistrict,0.7551818126466538,25.7746905,89.42382339999999
Koyra Upazila Health Complex,10001817,Khulna,Khulna,Koyra,subdistrict,1.0452803468170395,22.4586429,89.2801437
Kulaura Upazila Health Complex,10002106,Sylhet,Maulvibazar,Kulaura,subdistrict,0.9177436542643177,24.5280084,92.03864689999999
Kuliarchar Upazila Health Complex,10000246,Dhaka,Kishoreganj,Kuliarchar,subdistrict,0.7496471013782648,24.1573607,90.9289026
Kumarkhali Upazila Health Complex,10001848,Khulna,Kushtia,Kumarkhali,subdistrict,0.9341095689583093,23.8605042,89.2382519
Kurigram 250 bed District Hospital,10001317,Rangpur,Kurigram,Kurigram Sadar,district,0.8653965711076789,25.8072414,89.6294746
Kushtia 250 bed General Hospital,10001862,Khulna,Kushtia,Kushtia Sadar,district,0.8953630337110619,23.9011989,89.12426409999999
Kutubdia Upazila Health Complex,10000924,Chattogram,Cox's Bazar,Kutubdia,subdistrict,0.9445047866788077,21.8185107,91.8528884
Lakhai Upazila Health Complex,10002085,Sylhet,Habiganj,Lakhai,subdistrict,1.39919989695633,24.2890528,91.25586229999999
Laksham Upazila Health Complex,10000892,Chattogram,Cumilla,Laksam,subdistrict,0.8153761550139698,23.2339429,91.1177264
Lakshmichari Upazila Health Complex,10000978,Chattogram,Khagrachari,Lakshmichari,subdistrict,0.870676790812017,22.7961681,91.91236640000001
Lakshmipur District Hospital,10001001,Chattogram,Lakshmipur,Lakshmipur Sadar,district,0.5831088623848403,22.9445334,90.98853679999999
Lalmai Upazila Health Complex,10025367,Chattogram,Cumilla,Lalmi,subdistrict,0.9090916619009173,23.3385932,91.14362080000001
Lalmohan Upazila Health Complex,10002015,Barishal,Bhola,Lalmohan,subdistrict,0.9695333913111305,22.346653,90.7339765
Lalmonirhat District Hospital,10001353,Rangpur,Lalmonirhat,Lalmonirhat Sadar,district,0.8027756430364871,25.9202287,89.45557660000001
Lalpur Upazila Health Complex,10001426,Rajshahi,Natore,Lalpur,subdistrict,0.887359365218821,24.1772071,88.96203220000001
Lama Upazila Health Complex,10000656,Chattogram,Bandarban,Lama,subdistrict,0.875933392787507,21.7737612,92.1947359
Langadu Upazila Health Complex,10001080,Chattogram,Rangamati,Langadu,subdistrict,0.8650941416878077,22.9669729,92.2007605
Lohagara Upazila Health Complex,10000792,Chattogram,Chattogram,Lohagara,subdistrict,0.8933093296358711,23.1841516,89.6476686
Lohagara Upazila Health Complex,10002211,Khulna,Narail,Lohagara,subdistrict,0.8933093296358711,23.1841516,89.6476686
Louhajang Upazila Health Complex,10000323,Dhaka,Munshiganj,Lohajang,subdistrict,0.7817399788371356,23.4786428,90.3422982
M Abdur Rahim Medical College Hospital,10002288,Rangpur,Dinajpur,Dinajpur Sadar,tertiary,0.8334999891913176,25.611899,88.65397899999999
Madan Upazila Health Complex,10000488,Mymensingh,Netrakona,Madan,subdistrict,0.8320634075484452,24.7166957,90.9453231
Madarganj Upazila Health Complex,10000212,Mymensingh,Jamalpur,Madarganj,subdistrict,0.8846155507753634,24.8802883,89.7567693
Madaripur District Hospital,10000263,Dhaka,Madaripur,Madaripur Sadar,district,0.8635795618994152,23.1653896,90.21206480000001
Madhabpur Upazila Health Complex,10002088,Sylhet,Habiganj,Madhabpur,subdistrict,1.023148146132766,24.0972948,91.28759889999999
Magura District Hospital,10001876,Khulna,Magura,Magura Sadar,district,0.7755463952250707,23.4863665,89.4215122
Manda Upazila Health Complex,10001382,Rajshahi,Naogaon,Manda,subdistrict,0.5880952293698296,24.758601,88.71154729999999
Manikchari Upazila Health Complex,10000979,Chattogram,Khagrachari,Manikchari,subdistrict,0.8654763786519106,22.8497025,91.84156209999999
Manikganj 250 Bed District Hospital,10000297,Dhaka,Manikganj,Manikganj Sadar,district,0.8116267428734593,23.8692057,90.0006545
Manpura Upazila Health Complex,10002017,Barishal,Bhola,Manpura,subdistrict,0.9126208691177851,22.258083,90.96668489999999
Mathbaria Upazila Health Complex,10002058,Barishal,Pirojpur,Mathbaria,subdistrict,1.2379703683855068,22.2857109,89.9536359
Matiranga Upazila Health Complex,10000983,Chattogram,Khagrachari,Matiranga,subdistrict,0.8578538215071233,23.0395632,91.8755134
Matlab(daxin) Upazila Health Complex,10000721,Chattogram,Chandpur,Matlab Dakshin,subdistrict,0.7599808368072185,23.3481591,90.7050964
Matlab(uttar) Upazila Health Complex,10000725,Chattogram,Chandpur,Matlab Uttar,subdistrict,0.6632008327059501,23.4422394,90.645147
Meghna Upazila Health Complex,10000893,Chattogram,Cumilla,Meghna,subdistrict,0.694203090384349,23.6289684,90.69302239999999
Mehendiganj Upazila Health Complex,10001988,Barishal,Barishal,Mehendiganj,subdistrict,0.8608859638793865,22.8271862,90.52725919999999
Meherpur 250 bed District Hospital,10001898,Khulna,Meherpur,Meherpur Sadar,district,0.8766512712281419,23.7783545,88.6423945
Melandah Upazila Health Complex,10000218,Mymensingh,Jamalpur,Melandaha,subdistrict,0.8870150820020384,24.9821864,89.835955
Mirpur Upazila Health Complex,10001870,Khulna,Kushtia,Mirpur,subdistrict,1.0076150332508598,23.9312905,88.9966056
Mirsharai Upazila Health Complex,10000794,Chattogram,Chattogram,Mirsharai,subdistrict,0.8867132140078895,22.8406921,91.5467961
Mirzaganj Upazila Health Complex,10002048,Barishal,Patuakhali,Mirzaganj,subdistrict,1.0213294373131085,22.3598968,90.21699219999999
Mirzapur Upazila Health Complex,10000619,Dhaka,Tangail,Mirzapur,subdistrict,0.6522990575952602,24.146499,90.0202292
Mithamoin Upazila Health Complex,10000249,Dhaka,Kishoreganj,Mithamain,subdistrict,0.9844193324007706,24.4150926,91.05150599999999
Mithapukur Upazila Health Complex,10001591,Rangpur,Rangpur,Mithapukur,subdistrict,0.7500862409756708,25.5717691,89.27509549999999
Modhukhali Upazila Health Complex,10000113,Dhaka,Faridpur,Madhukhali,subdistrict,0.8735181947252072,23.3916388,89.68525749999999
"Modhupur Upazila Health Complex, Tangail.",10000629,Dhaka,Tangail,Madhupur,subdistrict,0.9023550510617118,24.6087098,90.02609110000002
Mohadevpur Upazila Health Complex,10001388,Rajshahi,Naogaon,Mahadebpur,subdistrict,0.7464631899306329,24.9215972,88.7508778
Mohalchari Upazila Health Complex,10000986,Chattogram,Khagrachari,Mahalchari,subdistrict,0.8449753864300995,22.937729,92.0310691
Mohammadpur Upazila Health Complex,10001882,Khulna,Magura,Mohammadpur,subdistrict,0.8436823435493778,23.3996622,89.582769
Mohanganj Upazila  Health  Complex,10000489,Mymensingh,Netrakona,Mohanganj,subdistrict,0.8169339134351575,24.8789388,90.9825149
Mohanpur Upazila Health Complex,10001543,Rajshahi,Rajshahi,Mohanpur,subdistrict,1.313845139004149,24.5549788,88.6473491
Moheshkhali Upazila Health Complex,10000926,Chattogram,Cox's Bazar,Maheshkhali,subdistrict,0.8355548420828309,21.5834097,91.929468
Moheshpur Upazila Health Complex,10001785,Khulna,Jhenaidah,Maheshpur,subdistrict,0.84111878048744,23.3619368,88.9249224
Mollahat Upazila Health Complex,10001706,Khulna,Bagerhat,Mollahat,subdistrict,0.9284365292952462,22.9275399,89.8017596
Mongla Upazila Health Complex,10001707,Khulna,Bagerhat,Mongla,subdistrict,1.5878062497926644,22.4942196,89.6016171
Monirampur Upazila Health Complex,10001763,Khulna,Jashore,Monirampur,subdistrict,0.6794263058392099,23.008817,89.2352525
Monohardi Upazila Health Complex,10000443,Dhaka,Narsingdi,Manohardi,subdistrict,0.5519660026060693,24.1502347,90.70006769999999
Monoharganj Upazila Health Complex,10000897,Chattogram,Cumilla,Monoharganj,subdistrict,0.6974035296254446,23.153882,91.058448
Morrelganj Upazila Health Complex,10001708,Khulna,Bagerhat,Morrelganj,subdistrict,1.0059115119419033,22.4562842,89.8648338
Moulvibazar 250 bed District Sadar Hospital,10002116,Sylhet,Maulvibazar,Maulvibazar Sadar,tertiary,0.9368613758134406,24.4813033,91.76596169999999
"Mugda 500 Bed General Hospital, Dhaka",10013720,Dhaka,Dhaka,Mugda Para,tertiary,0.673589498185123,23.7315171,90.42946200000002
Mujibnagar Upazila Health Complex,10001902,Khulna,Meherpur,Mujibnagar,subdistrict,0.8724434740744725,23.6694403,88.6034729
Mukshedpur Upazila Health Complex,10000181,Dhaka,Gopalganj,Muksudpur,subdistrict,0.9217223816950749,23.3194117,89.8724368
Muktagacha Upazila Health Complex,10000387,Mymensingh,Mymensingh,Muktagacha,subdistrict,1.084117160613513,24.7616698,90.270377
Muladi Upazila Health Complex,10001991,Barishal,Barishal,Muladi,subdistrict,0.880278428363639,22.9122405,90.4081885
Munshiganj 250 bed District Hospital,10000328,Dhaka,Munshiganj,Munshiganj Sadar,district,0.7262063308167553,23.4980931,90.41266209999999
Muradnagar Upazila Health Complex,10000903,Chattogram,Cumilla,Muradnagar,subdistrict,0.7622657626608145,23.6401853,90.9317536
Mymensingh Medical College Hospital,10000397,Mymensingh,Mymensingh,Mymensingh Sadar,tertiary,0.9328091163686352,24.7415322,90.4089228
Nabiganj Upazila Health Complex,10002094,Sylhet,Habiganj,Nabiganj,subdistrict,0.9336732199144694,24.5634199,91.5142679
Nabinagar Upazila Health Complex,10000682,Chattogram,Brahmanbaria,Nabinagar,subdistrict,0.8165237584447913,23.8861958,90.9677571
Nachol Upazila Health Complex,10001168,Rajshahi,Chapai Nawabganj,Nachole,subdistrict,0.8603483536948225,24.7326602,88.4137279
Nagarkanda Upazila Health Complex,10000120,Dhaka,Faridpur,Nagarkanda,subdistrict,0.9280913679422721,23.420866,89.89422429999999
Nagarpur Upazila Health Complex,10000634,Dhaka,Tangail,Nagarpur,subdistrict,0.7387275012079743,24.0504217,89.8740449
Nageswari Upazila Health Complex,10001322,Rangpur,Kurigram,Nageshwari,subdistrict,0.8855115712354041,25.9648811,89.6893056
Naikhongchari Upazila Health Complex,10000658,Chattogram,Bandarban,Naikhongchari,subdistrict,0.7854002018393287,21.4275365,92.1734243
Nakhla Upazila Health Complex,10000567,Mymensingh,Sherpur,Nakla,subdistrict,0.9044367238395368,24.9670008,90.1832834
Nalchiti  Upazila Health Complex,10002028,Barishal,Jhalokathi,Nalchity,subdistrict,0.9030797934143675,22.6343517,90.2697803
Nalitabari Upazila Health Complex,10000568,Mymensingh,Sherpur,Nalitabari,subdistrict,0.8631995564796104,25.0935546,90.1890143
Nandail Upazila Health Complex,10000404,Mymensingh,Mymensingh,Nandail,subdistrict,0.8491035974669426,24.5659377,90.68990339999999
Nandigram Upazila Health Complex,10001135,Rajshahi,Bogura,Nandigram,subdistrict,0.8416114147099292,24.6476462,89.2438969
Nangolkot Upazila Health Complex,10002223,Chattogram,Cumilla,Nangalkot,subdistrict,0.6943020376194785,23.1709671,91.1986256
Naniarchar Upazila Health Complex,10001083,Chattogram,Rangamati,Naniarchar,subdistrict,0.8867563179237528,22.862167,92.1106617
Naogaon District Hospital,10001394,Rajshahi,Naogaon,Naogaon Sadar,district,0.7233103481455775,24.8229713,88.9381339
Narail District Hospital,10001913,Khulna,Narail,Narail Sadar,district,0.8348609674959928,23.1721187,89.49930669999999
Narayanganj 300 Bed Hospital,10000425,Dhaka,Narayanganj,Narayanganj Sadar,tertiary,0.6775037294317965,23.6265177,90.5078152
Narayanganj General (Victoria) Hospital,10000427,Dhaka,Narayanganj,Narayanganj Sadar,district,0.6440473805333209,23.6084011,90.50326590000002
Naria Upazila Health Complex,10000551,Dhaka,Shariatpur,Naria,subdistrict,0.8252742018157981,23.3085294,90.4285328
Narsingdi District Hospital,10000452,Dhaka,Narsingdi,Narsingdi Sadar,district,0.5962669063370937,23.9299304,90.7026636
Nasirnagar Upazila Health Complex,10000691,Chattogram,Brahmanbaria,Nasirnagar,subdistrict,1.268867455893533,24.1938903,91.19561379999999
Natore District Hospital,10001433,Rajshahi,Natore,Natore Sadar,district,0.9164985029421071,24.4098158,88.9836138
Nawabganj Upazila Health Complex,10000080,Dhaka,Dhaka,Nawabganj,subdistrict,0.8173994264357605,23.6566436,90.1645685
Nawabganj Upazila Health Complex,10002232,Rangpur,Dinajpur,Nawabganj,subdistrict,0.8173994264357605,23.6566436,90.1645685
Nazirpur Upazila Health Complex,10002061,Barishal,Pirojpur,Nazirpur,subdistrict,0.9059252359019682,22.7086728,89.96810789999999
Netrokona District Hospital,10000496,Mymensingh,Netrakona,Netrokona Sadar,district,0.8201806577803467,24.8715569,90.7320982
Niamatpur Upazila Health Complex,10001395,Rajshahi,Naogaon,Niamatpur,subdistrict,0.7717304674841491,24.8298601,88.5747841
Nikli Upazila Health Complex,10000250,Dhaka,Kishoreganj,Nikli,subdistrict,0.8518744404251956,24.32586,90.9335328
Nilphamari District Hospital,10001464,Rangpur,Nilphamari,Nilphamari Sadar,district,0.8436427713678873,25.9490764,88.8358417
Noakhali 250 Bed General Hospital,10001049,Chattogram,Noakhali,Noakhali Sadar,district,0.5871482352839053,22.8725498,91.08850179999999
Paba Upazila Health Complex,10001547,Rajshahi,Rajshahi,Paba,subdistrict,1.9188398820910968,24.443884,88.5547879
Paikgacha Upazila Health Complex,10001824,Khulna,Khulna,Paikgacha,subdistrict,1.1562062999726714,22.5935295,89.3183857
Pakundia Upazila Health Complex,10000252,Dhaka,Kishoreganj,Pakundia,subdistrict,0.8031759985957524,24.3292883,90.6793802
Palash Upazila Health Complex,10000456,Dhaka,Narsingdi,Palash,subdistrict,0.5047666971963561,23.9741677,90.65981479999999
Palashbari Upazila Health Complex,10001272,Rangpur,Gaibandha,Palashbari,subdistrict,0.8158385619086899,25.2871676,89.3675445
Panchagarh District Hospital,10001514,Rangpur,Panchagarh,Panchagarh Sadar,district,0.7633167093816151,26.3318393,88.5556768
Panchari Upazila Health Complex,10000988,Chattogram,Khagrachari,Panchhari,subdistrict,0.9055053636296279,23.2964904,91.9002744
Panchbibi Upazila Health Complex,10001305,Rajshahi,Joypurhat,Panchbibi,subdistrict,0.7951653423002086,25.1943459,89.0409292
Pangsha Upazila Health Complex,10000518,Dhaka,Rajbari,Pangsha,subdistrict,0.6655213387959207,23.7906675,89.4255979
Parbatipur Upazila Health Complex,10001238,Rangpur,Dinajpur,Parbatipur,subdistrict,0.8361539618350405,25.6325889,88.91953269999999
Parsuram Upazila Health Complex,10000961,Chattogram,Feni,Parshuram,subdistrict,0.7979360626931306,23.211628,91.4449793
Patgram Upazila Health Complex,10001355,Rangpur,Lalmonirhat,Patgram,subdistrict,0.8445018097049953,26.3492592,89.01643949999999
Patharghata Upazila Health Complex,10001947,Barishal,Barguna,Patharghata,subdistrict,1.2978682143029043,22.0328467,89.96656589999999
Patiya Upazila Health Complex,10000802,Chattogram,Chattogram,Patiya,subdistrict,1.0375830771220216,22.2997122,91.970264
Patnitala Upazila Health Complex,10001402,Rajshahi,Naogaon,Patnitala,subdistrict,0.8085713989023575,25.0497551,88.755563
Patuakhali 250 bed Sadar Hospital,10002051,Barishal,Patuakhali,Patuakhali Sadar,district,1.0377197712546906,22.3622664,90.3269921
Pekua Upazila Health Complex,10000928,Chattogram,Cox's Bazar,Pekua,subdistrict,0.944910570388544,21.8155496,91.95391060000001
Phulpur Upazila Health Complex,10000362,Mymensingh,Mymensingh,Phulpur,subdistrict,0.8378852233800828,24.9486478,90.36453790000002
Pirgacha Upazila Health Complex,10001594,Rangpur,Rangpur,Pirgachha,subdistrict,0.7015218066505347,25.6562282,89.41125679999999
Pirganj Upazila Health Complex,10001603,Rangpur,Rangpur,Pirganj,subdistrict,0.7233000118346575,25.4178819,89.3109818
Pirganj Upazila Health Complex,10002231,Rangpur,Thakurgaon,Pirganj,subdistrict,0.7233000118346575,25.4178819,89.3109818
Pirojpur District Hospital,10002067,Barishal,Pirojpur,Pirojpur Sadar,district,0.9433770909880452,22.5789637,89.97664499999999
Porsha Upazila Health Complex,10001405,Rajshahi,Naogaon,Porsha,subdistrict,0.8479331438571187,25.0227385,88.4554124
Purbadhala Upazila Health Complex,10000500,Mymensingh,Netrakona,Purbadhala,subdistrict,0.822996072938684,24.9476991,90.6013237
Puthia Upazila Health Complex,10001551,Rajshahi,Rajshahi,Puthia,subdistrict,1.0596712075196046,24.3715361,88.83679
Raiganj Upazila Health Complex,10001636,Rajshahi,Sirajganj,Royganj,subdistrict,0.7971158803008643,24.4997791,89.5308903
Raipur Upazila Health Complex,10001003,Chattogram,Lakshmipur,Roypur,subdistrict,0.8066946225660357,23.0311867,90.7662052
Raipura Upazila Health Complex,10000458,Dhaka,Narsingdi,Roypura,subdistrict,0.6123055971896952,24.0001157,90.8623005
Rajapur Upazila Health Complex,10002029,Barishal,Jhalokathi,Rajapur,subdistrict,0.924748188966062,22.5695257,90.1334115
Rajarhat Upazila Health Complex,10001327,Rangpur,Kurigram,Rajarhat,subdistrict,0.7992376970909462,25.8082105,89.54475099999999
Rajbari District Hospital,10000536,Dhaka,Rajbari,Rajbari Sadar,district,0.7811980910503398,23.7495843,89.6473056
Rajibpur Upazila Health Complex,10001330,Rangpur,Kurigram,Rajibpur,subdistrict,1.7162844283757746,25.4443694,89.7909808
Rajnagar Upazila Health Complex,10002119,Sylhet,Maulvibazar,Rajnagar,subdistrict,0.9714171063205501,24.5277064,91.85295149999999
Rajoir Upazila Health Complex,10000270,Dhaka,Madaripur,Rajoir,subdistrict,0.8765577365043656,23.2083584,90.0485525
Rajshahi Medical College Hospital,10001560,Rajshahi,Rajshahi,Rajpara,tertiary,1.3186594354876358,24.372019,88.5864259
Ramganj Upazila Health Complex,10001011,Chattogram,Lakshmipur,Ramganj,subdistrict,0.7727881267947279,23.0924019,90.8609381
Ramgarh Upazila Health Complex,10000991,Chattogram,Khagrachari,Ramgarh,subdistrict,0.8667845287496705,22.9878443,91.73918189999999
Ramgati Upazila Health Complex,10001019,Chattogram,Lakshmipur,Ramgati,subdistrict,0.9364035985622823,22.6483641,90.9258133
Rampal Upazila Health Complex,10001710,Khulna,Bagerhat,Rampal,subdistrict,1.3124083622152891,22.5877107,89.6497052
Ramu Upazila Health Complex,10000931,Chattogram,Cox's Bazar,Ramu,subdistrict,0.8002325095219295,21.4448546,92.1000821
Rangabali Upazila Health Complex,10013107,Barishal,Patuakhali,Rangabali,subdistrict,0.9220731694382097,21.9040401,90.4125181
Rangamati General Hospital,10001088,Chattogram,Rangamati,Rangamati Sadar,district,0.8931187072698081,22.6580983,92.1685304
Rangpur Medical College Hospital,10001618,Rangpur,Rangpur,Rangpur Sadar,tertiary,0.7644512467773513,25.7670127,89.2315632
Rangunia Upazila Health Complex,10000813,Chattogram,Chattogram,Rangunia,subdistrict,0.916022124171038,22.4226451,91.98652179999999
Raninagar Upazila Health Complex,10001412,Rajshahi,Naogaon,Raninagar,subdistrict,0.7261177139149421,24.7422435,88.9602373
Ranisankhail Upazila Health Complex,10001678,Rangpur,Thakurgaon,Ranisankail,subdistrict,0.7263343647813593,25.9010503,88.2541796
Raozan Upazila Health Complex,10000817,Chattogram,Chattogram,Raozan,subdistrict,0.8805906818611733,22.5172697,91.9298601
Rowangchari Upazila Health Complex,10000659,Chattogram,Bandarban,Rowangchari,subdistrict,0.9021315748324462,22.1784311,92.33769799999999
Rowmari Upazila Health Complex,10001333,Rangpur,Kurigram,Raumari,subdistrict,1.1769107438286361,25.5718988,89.8325047
Ruma Upazila Health Complex,10000660,Chattogram,Bandarban,Ruma,subdistrict,0.9047274014397568,22.0473551,92.40744049999999
Rupganj Upazila Health Complex,10000430,Dhaka,Narayanganj,Rupganj,subdistrict,0.5649344443872015,23.7993877,90.52711149999999
Rupsha Upazila Health Complex,10001826,Khulna,Khulna,Rupsa,subdistrict,1.3654826417934665,22.8223637,89.550115
Sadullapur Upazila Health Complex,10001279,Rangpur,Gaibandha,Sadullapur,subdistrict,0.8756749443924233,25.3892813,89.4684573
Saharasthi Upazila Health Complex,10000727,Chattogram,Chandpur,Shahrasti,subdistrict,0.8838816447883294,23.2285233,90.94952889999999
Saidpur Upazila Health Complex,10001470,Rangpur,Nilphamari,Saidpur,subdistrict,0.8357029614526191,25.7836638,88.89539420000001
Saltha Upazila Health Complex,10013106,Dhaka,Faridpur,Saltha,subdistrict,0.891005822519401,23.4328101,89.7825682
Sandwip Upazila Health Complex,10000829,Chattogram,Chattogram,Sandwip,subdistrict,1.6249939876195105,22.5438922,91.4705992
Santhia Upazila Health Complex,10001493,Rajshahi,Pabna,Santhia,subdistrict,0.6636925297101948,24.0535687,89.54820740000001
Sapahar Upazila Health Complex,10001415,Rajshahi,Naogaon,Sapahar,subdistrict,0.8601635154389194,25.1238569,88.58747919999999
Sarail Upazila Health Complex,10000694,Chattogram,Brahmanbaria,Sarail,subdistrict,0.9143763423392441,24.0713662,91.1182569
Sarankhola Upazila Health Complex,10001712,Khulna,Bagerhat,Sarankhola,subdistrict,1.1315629335519306,22.3128846,89.84993329999999
Sariakandi Upazila Health Complex,10001140,Rajshahi,Bogura,Sariakandi,subdistrict,0.8603659476480314,24.8936019,89.57363629999999
Sarishabari Upazila Health Complex,10000220,Mymensingh,Jamalpur,Sarishabari,subdistrict,0.9007349819950948,24.7552498,89.83585219999999
Sarsa Upazila Health Complex,10001768,Khulna,Jashore,Sharsha,subdistrict,0.8202584477992414,23.054194,88.989513
Satkania Upazila Health Complex,10000835,Chattogram,Chattogram,Satkania,subdistrict,1.2610022401141536,22.0852863,92.054419
Satkhira 250 bed Medical College Hospital,10024591,Khulna,Satkhira,Satkhira Sadar,district,0.8750167221534344,22.6901577,89.0469437
Satkhira District Hospital,10001926,Khulna,Satkhira,Satkhira Sadar,district,0.8691309074068485,22.7223116,89.068737
Saturia Upazila Health Complex,10000303,Dhaka,Manikganj,Saturia,subdistrict,0.7758479416662322,23.9729721,90.0361533
Savar Upazila Health Complex,10000083,Dhaka,Dhaka,Savar,subdistrict,0.7277893263822611,23.8385698,90.24762989999999
Senbag Upazila Health Complex,10001056,Chattogram,Noakhali,Senbagh,subdistrict,0.5213795318755189,22.9954916,91.2336158
Serajdikhan Upazila Health Complex,10000333,Dhaka,Munshiganj,Serajdikhan,subdistrict,0.7350079640385775,23.5496776,90.38749039999999
Shaheed Ahsan Ullah Master General Hospital,10000129,Dhaka,Gazipur,Gazipur Sadar,tertiary,0.6788470834623369,23.8933902,90.4022109
Shaheed Suhrawardy Medical College Hospital,10000051,Dhaka,Dhaka,Sher-e-bangla Nagar,tertiary,0.6938326273831432,23.7692146,90.3713616
"Shaheed Ziaur Rahman Medical College Hospital, Bogra",10001111,Rajshahi,Bogura,Bogura Sadar,tertiary,0.8446836977966916,24.8279041,89.35293879999999
Shahzadpur Upazila Health Complex,10001656,Rajshahi,Sirajganj,Shahjadpur,subdistrict,0.7499086626068505,24.1567056,89.5690892
Shailkupa Upazila Health Complex,10001790,Khulna,Jhenaidah,Shailkupa,subdistrict,0.5934958787504065,23.6813144,89.2462735
Shakipur Upazila Health Complex,10000640,Dhaka,Tangail,Sakhipur,subdistrict,0.8143806947987692,24.3164679,90.170626
Shalikha Upazila Health Complex,10001885,Khulna,Magura,Shalikha,subdistrict,0.8063191035203953,23.3033389,89.375142
Shariatpur District Hospital,10000559,Dhaka,Shariatpur,Shariatpur Sadar,district,0.8450872491753147,23.2116043,90.3484297
"Sheikh Hasina Medical College Hospital, Tangail",10024593,Dhaka,Tangail,Tangail Sadar,tertiary,0.7396513777275787,24.2636082,89.92414850000002
Sher-e-bangla Medical College Hospital,10001978,Barishal,Barishal,Barishal Sadar,tertiary,0.9054771130610045,22.6863517,90.3614666
Sherpur District Hospital,10000576,Mymensingh,Sherpur,Sherpur Sadar,district,0.9070232107932452,25.0182375,90.024633
Sherpur Upazila Health Complex,10001147,Rajshahi,Bogura,Sherpur,subdistrict,0.8283496912990861,24.6659425,89.41576320000001
Shibalaya Upazila Health Complex,10000307,Dhaka,Manikganj,Shibalaya,subdistrict,0.8222866867578964,23.8461945,89.8214775
Shibchar Upazila Health Complex,10000274,Dhaka,Madaripur,Shibchar,subdistrict,0.9230989514481764,23.3433746,90.17042239999999
Shibganj Upazila Health Complex,10001156,Rajshahi,Bogura,Shibganj,subdistrict,0.8542406532914876,25.0053701,89.3164683
Shibganj Upazila Health Complex,10002210,Rajshahi,Chapai Nawabganj,Shibganj,subdistrict,0.8542406532914876,25.0053701,89.3164683
Shibpur Upazila Health Complex,10000461,Dhaka,Narsingdi,Shibpur,subdistrict,0.5082927292496937,24.0371778,90.7326197
Shyamnagar Upazila Health Complex,10001928,Khulna,Satkhira,Shyamnagar,subdistrict,0.8918147180596033,22.3436556,89.102396099999993
Singair Upazila Health Complex,10000312,Dhaka,Manikganj,Singair,subdistrict,0.8149497395177087,23.8136016,90.13056189999999
Singra Upazila Health Complex,10001438,Rajshahi,Natore,Singra,subdistrict,0.8603842459503026,24.5135066,89.1463035
Sir Salimullah Medical College Hospital,10000056,Dhaka,Dhaka,Kotwali,tertiary,0.6867356339068297,23.7105117,90.40213089999999
Sirajganj 250 Bed  Bongamata Sheikh Fazilatunnesa Mujib General Hospital,10001648,Rajshahi,Sirajganj,Sirajganj Sadar,district,0.7933950200854623,24.4584857,89.7111754
Sitakunda Upazila Health Complex,10000838,Chattogram,Chattogram,Sitakunda,subdistrict,0.9534361025269483,22.6095985,91.664723
Sonagazi Upazila Health Complex,10000969,Chattogram,Feni,Sonagazi,subdistrict,0.8574623025032158,22.8501032,91.39655979999999
Sonaimuri Upazila Health Complex,10001061,Chattogram,Noakhali,Sonaimuri,subdistrict,0.41196430395781936,23.0026044,91.0955188
Sonargaon Upazila Health Complex,10000435,Dhaka,Narayanganj,Sonargaon,subdistrict,0.656579876342953,23.6471325,90.6167565
Sonatala Upazila Health Complex,10001159,Rajshahi,Bogura,Sonatola,subdistrict,0.8565896072495579,25.0370877,89.4972226
Sreemangal Upazila Health Complex,10002125,Sylhet,Maulvibazar,Sreemangal,subdistrict,0.9161458340698463,24.3008631,91.7371524
Sreenagar Upazila Health Complex,10000341,Dhaka,Munshiganj,Sreenagar,subdistrict,0.8011524689608874,23.5500127,90.29016899999999
Sreepur Upazila Health Complex,10000151,Dhaka,Gazipur,Sreepur,subdistrict,0.8279458163129884,24.1999809,90.4726482
Sreepur Upazila Health Complex,10002208,Khulna,Magura,Sreepur,subdistrict,0.8279458163129884,24.1999809,90.4726482
Sribordi Upazila health Complex,10000578,Mymensingh,Sherpur,Sreebardi,subdistrict,0.9553446050461031,25.149808,89.934806
Subarnachar Upazila Health Complex,10001064,Chattogram,Noakhali,Subarnachar,subdistrict,0.7691338716223617,22.7056335,91.10667699999999
Sujanagar Upazila Health Complex,10001495,Rajshahi,Pabna,Sujanagar,subdistrict,0.5303497976842149,23.9387637,89.4094767
Sulla Upazila Health Complex,10002152,Sylhet,Sunamganj,Sulla,subdistrict,0.8596248856241345,24.687275,91.1319264
Sunamganj 250 bed District Sadar Hospital,10002157,Sylhet,Sunamganj,Sunamganj Sadar,district,0.8601000544878538,25.0647035,91.4108072
Sundarganj Upazila Health Complex,10001286,Rangpur,Gaibandha,Sundarganj,subdistrict,0.8302224688225504,25.5647332,89.5193852
Sylhet MAG Osmani Medical College Hospital,10002195,Sylhet,Sylhet,Sylhet Sadar,tertiary,0.8685038981549044,24.9015007,91.8539274
Sylhet Shahid Shamsuddin Ahmed District Hospital,10002196,Sylhet,Sylhet,Sylhet Sadar,district,0.8677482832961827,24.8991849,91.86724
Taherpur Upazila Health Complex,10002160,Sylhet,Sunamganj,Tahirpur,subdistrict,0.8759628697283631,25.0990489,91.1755002
Tajumuddin Upazila Health Complex,10002018,Barishal,Bhola,Tazumuddin,subdistrict,1.0214636648682425,22.4101607,90.84994119999999
Tala Upazila Health Complex,10001930,Khulna,Satkhira,Tala,subdistrict,0.935065531450447,22.7509368,89.2599362
Tangail 250 Bed District Hospital,10000647,Dhaka,Tangail,Tangail Sadar,district,0.6901935989963246,24.263342,89.9255878
Tanore Upazila Health Complex,10001571,Rajshahi,Rajshahi,Tanore,subdistrict,1.3759757100355157,24.575285,88.5751026
Taraganj Upazila Health Complex,10001622,Rangpur,Rangpur,Taraganj,subdistrict,0.8203810664484423,25.8107123,89.0310069
Tarail Upazila Health Complex,10000253,Dhaka,Kishoreganj,Tarail,subdistrict,0.831299843331375,24.5502507,90.8874775
Tarash Upazila Health Complex,10001662,Rajshahi,Sirajganj,Tarash,subdistrict,0.7701834234211632,24.4346473,89.3776149
Teknaf Upazila Health Complex,10000934,Chattogram,Cox's Bazar,Teknaf,subdistrict,0.8814641241737695,20.8753498,92.29659439999999
Terokhada Upazila Health Complex,10001828,Khulna,Khulna,Terokhada,subdistrict,1.107822231646296,22.928258,89.672511
Tetulia Upazila Health Complex,10001518,Rangpur,Panchagarh,Tentulia,subdistrict,0.5250939652797474,26.5170069,88.4306955
Thakurgaon District Hospital,10001687,Rangpur,Thakurgaon,Thakurgaon Sadar,district,0.7911092452340472,26.0190812,88.4669352
Thanchi Upazila Health Complex,10000661,Chattogram,Bandarban,Thanchi,subdistrict,0.8656152314100438,21.8238459,92.4386306
Titas Upazila Health Complex,10000914,Chattogram,Cumilla,Titas,subdistrict,0.6949147785012157,23.595969,90.79633439999999
Trisal Upazila Health Complex,10000409,Mymensingh,Mymensingh,Trishal,subdistrict,0.9958479915985267,24.5779015,90.3946564
Tungibari Upazila Health Complex,10000347,Dhaka,Munshiganj,Tongibari,subdistrict,0.6932120658662576,23.5118889,90.46616019999999
Tungipara Upazila Health Complex,10000182,Dhaka,Gopalganj,Tungipara,subdistrict,0.9076580222405575,22.8941127,89.88953790000001
Ukhia Upazila Health Complex,10000939,Chattogram,Cox's Bazar,Ukhia,subdistrict,0.8470042126316029,21.2551704,92.1278782
Ulipur Upazila Health Complex,10001338,Rangpur,Kurigram,Ulipur,subdistrict,0.8741069812373093,25.6565077,89.6243298
Ullapara Upazila Health Complex,10001667,Rajshahi,Sirajganj,Ullahpara,subdistrict,0.769528756036978,24.3374458,89.5313268
Wazirpur Upazila Health Complex,10001997,Barishal,Barishal,Wazirpur,subdistrict,0.8829902098889896,22.8273908,90.25151629999999
Zanjira Upazila Health Complex,10000563,Dhaka,Shariatpur,Zanjira,subdistrict,0.8317015850981169,22.9109195,90.6232171
Zokiganj Upazila Health Complex,10002204,Sylhet,Sylhet,Zakiganj,subdistrict,0.8809088356589204,24.8836812,92.3643505
